TradingSymbol,Name,InstrumentType,TimeStamp,Open,High,Low,Close,Volume
"DABUR24MAY560CE,DABUR,CE,06/May/2024 09:15,  4.05 ,  4.05 ,  3.40 ,  3.40 ,""  6,250.00 """
"DABUR24MAY560CE,DABUR,CE,06/May/2024 09:16,  3.40 ,  3.80 ,  3.30 ,  3.80 ,""  7,500.00 """
"DABUR24MAY560CE,DABUR,CE,06/May/2024 09:17,  3.80 ,  3.85 ,  3.70 ,  3.70 ,""  26,250.00 """
"DABUR24MAY560CE,DABUR,CE,06/May/2024 09:18,  3.65 ,  3.65 ,  3.50 ,  3.65 ,""  6,250.00 """
"DABUR24MAY560CE,DABUR,CE,06/May/2024 09:19,  3.65 ,  3.70 ,  3.60 ,  3.60 ,""  11,250.00 """
"DABUR24MAY560CE,DABUR,CE,06/May/2024 09:20,  3.60 ,  3.60 ,  3.50 ,  3.50 ,""  2,500.00 """
DABUR24MAY560CE,DABUR,CE,06/May/2024 09:21,  3.50 ,  3.50 ,  3.50 ,  3.50 ,  -   
"DABUR24MAY560CE,DABUR,CE,06/May/2024 09:22,  3.50 ,  3.50 ,  3.45 ,  3.50 ,""  2,500.00 """
"DABUR24MAY560CE,DABUR,CE,06/May/2024 09:23,  3.50 ,  3.50 ,  3.50 ,  3.50 ,""  1,250.00 """
"DABUR24MAY560CE,DABUR,CE,06/May/2024 09:24,  3.50 ,  3.60 ,  3.50 ,  3.60 ,""  5,000.00 """
"DABUR24MAY560CE,DABUR,CE,06/May/2024 09:25,  3.60 ,  3.80 ,  3.60 ,  3.80 ,""  1,250.00 """
"DABUR24MAY560CE,DABUR,CE,06/May/2024 09:26,  3.80 ,  3.80 ,  3.80 ,  3.80 ,""  7,500.00 """
"DABUR24MAY560CE,DABUR,CE,06/May/2024 09:27,  3.80 ,  3.80 ,  3.80 ,  3.80 ,""  7,500.00 """
"DABUR24MAY560CE,DABUR,CE,06/May/2024 09:28,  3.80 ,  3.80 ,  3.70 ,  3.70 ,""  1,250.00 """
"DABUR24MAY560CE,DABUR,CE,06/May/2024 09:29,  3.70 ,  3.70 ,  3.55 ,  3.55 ,""  1,250.00 """
"DABUR24MAY560CE,DABUR,CE,06/May/2024 09:30,  3.55 ,  3.75 ,  3.55 ,  3.60 ,""  3,750.00 """
"DABUR24MAY560CE,DABUR,CE,06/May/2024 09:31,  3.60 ,  3.75 ,  3.60 ,  3.70 ,""  1,250.00 """
"DABUR24MAY560CE,DABUR,CE,06/May/2024 09:32,  3.70 ,  3.75 ,  3.70 ,  3.75 ,""  2,500.00 """
"DABUR24MAY560CE,DABUR,CE,06/May/2024 09:33,  3.75 ,  3.75 ,  3.75 ,  3.75 ,""  2,500.00 """
DABUR24MAY560CE,DABUR,CE,06/May/2024 09:34,  3.75 ,  3.75 ,  3.75 ,  3.75 ,  -   
"DABUR24MAY560CE,DABUR,CE,06/May/2024 09:35,  3.75 ,  3.75 ,  3.70 ,  3.70 ,""  2,500.00 """
"DABUR24MAY560CE,DABUR,CE,06/May/2024 09:36,  3.70 ,  3.70 ,  3.50 ,  3.50 ,""  27,500.00 """
"DABUR24MAY560CE,DABUR,CE,06/May/2024 09:37,  3.50 ,  3.65 ,  3.50 ,  3.65 ,""  2,500.00 """
"DABUR24MAY560CE,DABUR,CE,06/May/2024 09:38,  3.65 ,  3.65 ,  3.65 ,  3.65 ,""  2,500.00 """
"DABUR24MAY560CE,DABUR,CE,06/May/2024 09:39,  3.65 ,  3.65 ,  3.55 ,  3.55 ,""  2,500.00 """
"DABUR24MAY560CE,DABUR,CE,06/May/2024 09:40,  3.55 ,  3.55 ,  3.45 ,  3.50 ,""  11,250.00 """
"DABUR24MAY560CE,DABUR,CE,06/May/2024 09:41,  3.50 ,  3.50 ,  3.30 ,  3.30 ,""  11,250.00 """
"DABUR24MAY560CE,DABUR,CE,06/May/2024 09:42,  3.25 ,  3.30 ,  3.25 ,  3.25 ,""  5,000.00 """
"DABUR24MAY560CE,DABUR,CE,06/May/2024 09:43,  3.25 ,  3.30 ,  3.25 ,  3.30 ,""  8,750.00 """
"DABUR24MAY560CE,DABUR,CE,06/May/2024 09:44,  3.30 ,  3.35 ,  3.30 ,  3.35 ,""  6,250.00 """
"DABUR24MAY560CE,DABUR,CE,06/May/2024 09:45,  3.35 ,  3.35 ,  3.35 ,  3.35 ,""  1,250.00 """
"DABUR24MAY560CE,DABUR,CE,06/May/2024 09:46,  3.35 ,  3.35 ,  3.35 ,  3.35 ,""  1,250.00 """
DABUR24MAY560CE,DABUR,CE,06/May/2024 09:47,  3.35 ,  3.35 ,  3.35 ,  3.35 ,  -   
"DABUR24MAY560CE,DABUR,CE,06/May/2024 09:48,  3.35 ,  3.50 ,  3.35 ,  3.35 ,""  3,750.00 """
"DABUR24MAY560CE,DABUR,CE,06/May/2024 09:49,  3.35 ,  3.45 ,  3.35 ,  3.35 ,""  2,500.00 """
"DABUR24MAY560CE,DABUR,CE,06/May/2024 09:50,  3.35 ,  3.45 ,  3.15 ,  3.15 ,""  5,000.00 """
"DABUR24MAY560CE,DABUR,CE,06/May/2024 09:51,  3.15 ,  3.15 ,  3.10 ,  3.15 ,""  12,500.00 """
"DABUR24MAY560CE,DABUR,CE,06/May/2024 09:52,  3.15 ,  3.35 ,  3.10 ,  3.35 ,""  6,250.00 """
"DABUR24MAY560CE,DABUR,CE,06/May/2024 09:53,  3.35 ,  3.40 ,  3.35 ,  3.40 ,""  1,250.00 """
"DABUR24MAY560CE,DABUR,CE,06/May/2024 09:54,  3.40 ,  3.45 ,  3.40 ,  3.45 ,""  6,250.00 """
"DABUR24MAY560CE,DABUR,CE,06/May/2024 09:55,  3.45 ,  3.50 ,  3.45 ,  3.50 ,""  2,500.00 """
"DABUR24MAY560CE,DABUR,CE,06/May/2024 09:56,  3.50 ,  3.50 ,  3.50 ,  3.50 ,""  2,500.00 """
DABUR24MAY560CE,DABUR,CE,06/May/2024 09:57,  3.50 ,  3.50 ,  3.50 ,  3.50 ,  -   
"DABUR24MAY560CE,DABUR,CE,06/May/2024 09:58,  3.45 ,  3.45 ,  3.45 ,  3.45 ,""  3,750.00 """
DABUR24MAY560CE,DABUR,CE,06/May/2024 09:59,  3.45 ,  3.45 ,  3.45 ,  3.45 ,  -   
"DABUR24MAY560CE,DABUR,CE,06/May/2024 10:00,  3.45 ,  3.45 ,  3.45 ,  3.45 ,""  2,500.00 """
"DABUR24MAY560CE,DABUR,CE,06/May/2024 10:01,  3.40 ,  3.55 ,  3.40 ,  3.55 ,""  3,750.00 """
"DABUR24MAY560CE,DABUR,CE,06/May/2024 10:02,  3.55 ,  3.55 ,  3.55 ,  3.55 ,""  1,250.00 """
DABUR24MAY560CE,DABUR,CE,06/May/2024 10:03,  3.55 ,  3.55 ,  3.55 ,  3.55 ,  -   
"DABUR24MAY560CE,DABUR,CE,06/May/2024 10:04,  3.55 ,  3.55 ,  3.55 ,  3.55 ,""  1,250.00 """
DABUR24MAY560CE,DABUR,CE,06/May/2024 10:05,  3.55 ,  3.55 ,  3.55 ,  3.55 ,  -   
"DABUR24MAY560CE,DABUR,CE,06/May/2024 10:06,  3.40 ,  3.40 ,  3.40 ,  3.40 ,""  2,500.00 """
"DABUR24MAY560CE,DABUR,CE,06/May/2024 10:07,  3.40 ,  3.40 ,  3.40 ,  3.40 ,""  1,250.00 """
"DABUR24MAY560CE,DABUR,CE,06/May/2024 10:08,  3.30 ,  3.40 ,  3.30 ,  3.40 ,""  2,500.00 """
"DABUR24MAY560CE,DABUR,CE,06/May/2024 10:09,  3.40 ,  3.40 ,  3.40 ,  3.40 ,""  1,250.00 """
DABUR24MAY560CE,DABUR,CE,06/May/2024 10:10,  3.40 ,  3.40 ,  3.40 ,  3.40 ,  -   
DABUR24MAY560CE,DABUR,CE,06/May/2024 10:11,  3.40 ,  3.40 ,  3.40 ,  3.40 ,  -   
"DABUR24MAY560CE,DABUR,CE,06/May/2024 10:12,  3.40 ,  3.40 ,  3.40 ,  3.40 ,""  1,250.00 """
"DABUR24MAY560CE,DABUR,CE,06/May/2024 10:13,  3.40 ,  3.40 ,  3.40 ,  3.40 ,""  5,000.00 """
"DABUR24MAY560CE,DABUR,CE,06/May/2024 10:14,  3.40 ,  3.70 ,  3.40 ,  3.70 ,""  7,500.00 """
DABUR24MAY560CE,DABUR,CE,06/May/2024 10:15,  3.70 ,  3.70 ,  3.70 ,  3.70 ,  -   
"DABUR24MAY560CE,DABUR,CE,06/May/2024 10:16,  3.75 ,  3.75 ,  3.75 ,  3.75 ,""  11,250.00 """
"DABUR24MAY560CE,DABUR,CE,06/May/2024 10:17,  3.75 ,  3.75 ,  3.65 ,  3.65 ,""  1,250.00 """
DABUR24MAY560CE,DABUR,CE,06/May/2024 10:18,  3.65 ,  3.65 ,  3.65 ,  3.65 ,  -   
DABUR24MAY560CE,DABUR,CE,06/May/2024 10:19,  3.65 ,  3.70 ,  3.65 ,  3.70 ,  -   
"DABUR24MAY560CE,DABUR,CE,06/May/2024 10:20,  3.70 ,  3.70 ,  3.70 ,  3.70 ,""  1,250.00 """
"DABUR24MAY560CE,DABUR,CE,06/May/2024 10:21,  3.70 ,  3.70 ,  3.70 ,  3.70 ,""  1,250.00 """
DABUR24MAY560CE,DABUR,CE,06/May/2024 10:22,  3.70 ,  3.70 ,  3.70 ,  3.70 ,  -   
"DABUR24MAY560CE,DABUR,CE,06/May/2024 10:23,  3.85 ,  3.85 ,  3.75 ,  3.75 ,""  47,500.00 """
"DABUR24MAY560CE,DABUR,CE,06/May/2024 10:24,  3.75 ,  3.80 ,  3.75 ,  3.75 ,""  6,250.00 """
"DABUR24MAY560CE,DABUR,CE,06/May/2024 10:25,  3.75 ,  3.80 ,  3.75 ,  3.80 ,""  3,750.00 """
"DABUR24MAY560CE,DABUR,CE,06/May/2024 10:26,  3.80 ,  3.80 ,  3.80 ,  3.80 ,""  1,250.00 """
"DABUR24MAY560CE,DABUR,CE,06/May/2024 10:27,  3.75 ,  3.75 ,  3.65 ,  3.65 ,""  10,000.00 """
"DABUR24MAY560CE,DABUR,CE,06/May/2024 10:28,  3.65 ,  3.65 ,  3.55 ,  3.55 ,""  5,000.00 """
DABUR24MAY560CE,DABUR,CE,06/May/2024 10:29,  3.55 ,  3.55 ,  3.55 ,  3.55 ,  -   
DABUR24MAY560CE,DABUR,CE,06/May/2024 10:30,  3.55 ,  3.55 ,  3.55 ,  3.55 ,  -   
DABUR24MAY560CE,DABUR,CE,06/May/2024 10:31,  3.55 ,  3.55 ,  3.55 ,  3.55 ,  -   
DABUR24MAY560CE,DABUR,CE,06/May/2024 10:32,  3.55 ,  3.55 ,  3.55 ,  3.55 ,  -   
"DABUR24MAY560CE,DABUR,CE,06/May/2024 10:33,  3.55 ,  3.55 ,  3.55 ,  3.55 ,""  1,250.00 """
DABUR24MAY560CE,DABUR,CE,06/May/2024 10:34,  3.55 ,  3.55 ,  3.55 ,  3.55 ,  -   
DABUR24MAY560CE,DABUR,CE,06/May/2024 10:35,  3.55 ,  3.55 ,  3.50 ,  3.50 ,  -   
"DABUR24MAY560CE,DABUR,CE,06/May/2024 10:36,  3.50 ,  3.50 ,  3.50 ,  3.50 ,""  1,250.00 """
DABUR24MAY560CE,DABUR,CE,06/May/2024 10:37,  3.50 ,  3.50 ,  3.50 ,  3.50 ,  -   
DABUR24MAY560CE,DABUR,CE,06/May/2024 10:38,  3.50 ,  3.50 ,  3.50 ,  3.50 ,  -   
"DABUR24MAY560CE,DABUR,CE,06/May/2024 10:39,  3.50 ,  3.50 ,  3.40 ,  3.40 ,""  1,250.00 """
DABUR24MAY560CE,DABUR,CE,06/May/2024 10:40,  3.40 ,  3.40 ,  3.40 ,  3.40 ,  -   
DABUR24MAY560CE,DABUR,CE,06/May/2024 10:41,  3.40 ,  3.40 ,  3.40 ,  3.40 ,  -   
DABUR24MAY560CE,DABUR,CE,06/May/2024 10:42,  3.40 ,  3.50 ,  3.40 ,  3.50 ,  -   
"DABUR24MAY560CE,DABUR,CE,06/May/2024 10:43,  3.50 ,  3.50 ,  3.50 ,  3.50 ,""  3,750.00 """
"DABUR24MAY560CE,DABUR,CE,06/May/2024 10:44,  3.90 ,  5.05 ,  3.90 ,  4.95 ,""  15,000.00 """
"DABUR24MAY560CE,DABUR,CE,06/May/2024 10:45,  4.95 ,  5.05 ,  4.25 ,  4.65 ,""  88,750.00 """
"DABUR24MAY560CE,DABUR,CE,06/May/2024 10:46,  4.65 ,  4.85 ,  4.65 ,  4.80 ,""  80,000.00 """
"DABUR24MAY560CE,DABUR,CE,06/May/2024 10:47,  4.80 ,  4.80 ,  4.50 ,  4.50 ,""  3,750.00 """
"DABUR24MAY560CE,DABUR,CE,06/May/2024 10:48,  4.50 ,  4.50 ,  4.35 ,  4.35 ,""  2,500.00 """
"DABUR24MAY560CE,DABUR,CE,06/May/2024 10:49,  4.35 ,  4.45 ,  4.30 ,  4.45 ,""  3,750.00 """
"DABUR24MAY560CE,DABUR,CE,06/May/2024 10:50,  4.45 ,  4.50 ,  4.45 ,  4.50 ,""  1,250.00 """
"DABUR24MAY560CE,DABUR,CE,06/May/2024 10:51,  4.50 ,  4.50 ,  4.50 ,  4.50 ,""  3,750.00 """
DABUR24MAY560CE,DABUR,CE,06/May/2024 10:52,  4.50 ,  4.50 ,  4.50 ,  4.50 ,  -   
"DABUR24MAY560CE,DABUR,CE,06/May/2024 10:53,  4.50 ,  4.50 ,  4.40 ,  4.40 ,""  5,000.00 """
"DABUR24MAY560CE,DABUR,CE,06/May/2024 10:54,  4.40 ,  4.40 ,  4.40 ,  4.40 ,""  1,250.00 """
DABUR24MAY560CE,DABUR,CE,06/May/2024 10:55,  4.40 ,  4.40 ,  4.40 ,  4.40 ,  -   
DABUR24MAY560CE,DABUR,CE,06/May/2024 10:56,  4.40 ,  4.40 ,  4.40 ,  4.40 ,  -   
"DABUR24MAY560CE,DABUR,CE,06/May/2024 10:57,  4.40 ,  4.50 ,  4.40 ,  4.45 ,""  3,750.00 """
"DABUR24MAY560CE,DABUR,CE,06/May/2024 10:58,  4.50 ,  4.50 ,  4.05 ,  4.05 ,""  12,500.00 """
"DABUR24MAY560CE,DABUR,CE,06/May/2024 10:59,  4.05 ,  4.15 ,  3.90 ,  3.90 ,""  2,500.00 """
"DABUR24MAY560CE,DABUR,CE,06/May/2024 11:00,  3.85 ,  3.95 ,  3.80 ,  3.95 ,""  22,500.00 """
"DABUR24MAY560CE,DABUR,CE,06/May/2024 11:01,  3.95 ,  4.05 ,  3.95 ,  4.00 ,""  3,750.00 """
DABUR24MAY560CE,DABUR,CE,06/May/2024 11:02,  4.00 ,  4.00 ,  4.00 ,  4.00 ,  -   
"DABUR24MAY560CE,DABUR,CE,06/May/2024 11:03,  4.00 ,  4.00 ,  4.00 ,  4.00 ,""  3,750.00 """
DABUR24MAY560CE,DABUR,CE,06/May/2024 11:04,  4.00 ,  4.05 ,  4.00 ,  4.05 ,  -   
"DABUR24MAY560CE,DABUR,CE,06/May/2024 11:05,  4.05 ,  4.05 ,  4.05 ,  4.05 ,""  3,750.00 """
"DABUR24MAY560CE,DABUR,CE,06/May/2024 11:06,  4.05 ,  4.05 ,  4.05 ,  4.05 ,""  1,250.00 """
DABUR24MAY560CE,DABUR,CE,06/May/2024 11:07,  4.05 ,  4.05 ,  4.00 ,  4.00 ,  -   
"DABUR24MAY560CE,DABUR,CE,06/May/2024 11:08,  4.00 ,  4.00 ,  4.00 ,  4.00 ,""  1,250.00 """
DABUR24MAY560CE,DABUR,CE,06/May/2024 11:09,  4.00 ,  4.00 ,  4.00 ,  4.00 ,  -   
DABUR24MAY560CE,DABUR,CE,06/May/2024 11:10,  4.00 ,  4.00 ,  4.00 ,  4.00 ,  -   
DABUR24MAY560CE,DABUR,CE,06/May/2024 11:11,  4.00 ,  4.00 ,  3.95 ,  3.95 ,  -   
"DABUR24MAY560CE,DABUR,CE,06/May/2024 11:12,  3.90 ,  3.90 ,  3.80 ,  3.80 ,""  15,000.00 """
"DABUR24MAY560CE,DABUR,CE,06/May/2024 11:13,  3.80 ,  3.80 ,  3.80 ,  3.80 ,""  2,500.00 """
"DABUR24MAY560CE,DABUR,CE,06/May/2024 11:14,  3.80 ,  3.80 ,  3.25 ,  3.25 ,""  20,000.00 """
"DABUR24MAY560CE,DABUR,CE,06/May/2024 11:15,  3.25 ,  3.35 ,  3.25 ,  3.35 ,""  11,250.00 """
DABUR24MAY560CE,DABUR,CE,06/May/2024 11:16,  3.35 ,  3.35 ,  3.35 ,  3.35 ,  -   
"DABUR24MAY560CE,DABUR,CE,06/May/2024 11:17,  3.35 ,  3.70 ,  3.35 ,  3.70 ,""  1,250.00 """
DABUR24MAY560CE,DABUR,CE,06/May/2024 11:18,  3.70 ,  3.70 ,  3.70 ,  3.70 ,  -   
"DABUR24MAY560CE,DABUR,CE,06/May/2024 11:19,  3.50 ,  3.50 ,  3.50 ,  3.50 ,""  1,250.00 """
"DABUR24MAY560CE,DABUR,CE,06/May/2024 11:20,  3.50 ,  3.55 ,  3.50 ,  3.55 ,""  1,250.00 """
"DABUR24MAY560CE,DABUR,CE,06/May/2024 11:21,  3.55 ,  3.55 ,  3.55 ,  3.55 ,""  1,250.00 """
DABUR24MAY560CE,DABUR,CE,06/May/2024 11:22,  3.55 ,  3.55 ,  3.55 ,  3.55 ,  -   
DABUR24MAY560CE,DABUR,CE,06/May/2024 11:23,  3.55 ,  3.55 ,  3.55 ,  3.55 ,  -   
DABUR24MAY560CE,DABUR,CE,06/May/2024 11:24,  3.55 ,  3.55 ,  3.55 ,  3.55 ,  -   
"DABUR24MAY560CE,DABUR,CE,06/May/2024 11:25,  3.55 ,  3.55 ,  3.30 ,  3.35 ,""  7,500.00 """
DABUR24MAY560CE,DABUR,CE,06/May/2024 11:26,  3.35 ,  3.40 ,  3.35 ,  3.40 ,  -   
"DABUR24MAY560CE,DABUR,CE,06/May/2024 11:27,  3.40 ,  3.50 ,  3.40 ,  3.50 ,""  6,250.00 """
"DABUR24MAY560CE,DABUR,CE,06/May/2024 11:28,  3.50 ,  3.50 ,  3.45 ,  3.45 ,""  1,250.00 """
"DABUR24MAY560CE,DABUR,CE,06/May/2024 11:29,  3.45 ,  3.45 ,  3.40 ,  3.40 ,""  1,250.00 """
"DABUR24MAY560CE,DABUR,CE,06/May/2024 11:30,  3.40 ,  3.50 ,  3.40 ,  3.50 ,""  3,750.00 """
"DABUR24MAY560CE,DABUR,CE,06/May/2024 11:31,  3.50 ,  3.50 ,  3.40 ,  3.40 ,""  2,500.00 """
"DABUR24MAY560CE,DABUR,CE,06/May/2024 11:32,  3.40 ,  3.45 ,  3.40 ,  3.45 ,""  1,250.00 """
DABUR24MAY560CE,DABUR,CE,06/May/2024 11:33,  3.45 ,  3.45 ,  3.45 ,  3.45 ,  -   
"DABUR24MAY560CE,DABUR,CE,06/May/2024 11:34,  3.45 ,  3.45 ,  3.45 ,  3.45 ,""  2,500.00 """
"DABUR24MAY560CE,DABUR,CE,06/May/2024 11:35,  3.45 ,  3.50 ,  3.45 ,  3.50 ,""  6,250.00 """
"DABUR24MAY560CE,DABUR,CE,06/May/2024 11:36,  3.50 ,  3.55 ,  3.50 ,  3.55 ,""  6,250.00 """
"DABUR24MAY560CE,DABUR,CE,06/May/2024 11:37,  3.55 ,  3.55 ,  3.55 ,  3.55 ,""  1,250.00 """
DABUR24MAY560CE,DABUR,CE,06/May/2024 11:38,  3.55 ,  3.55 ,  3.55 ,  3.55 ,  -   
DABUR24MAY560CE,DABUR,CE,06/May/2024 11:39,  3.55 ,  3.55 ,  3.55 ,  3.55 ,  -   
"DABUR24MAY560CE,DABUR,CE,06/May/2024 11:40,  3.55 ,  3.55 ,  3.35 ,  3.35 ,""  3,750.00 """
"DABUR24MAY560CE,DABUR,CE,06/May/2024 11:41,  3.35 ,  3.40 ,  3.20 ,  3.20 ,""  8,750.00 """
"DABUR24MAY560CE,DABUR,CE,06/May/2024 11:42,  3.20 ,  3.45 ,  3.20 ,  3.45 ,""  25,000.00 """
"DABUR24MAY560CE,DABUR,CE,06/May/2024 11:43,  3.45 ,  3.55 ,  3.40 ,  3.40 ,""  10,000.00 """
"DABUR24MAY560CE,DABUR,CE,06/May/2024 11:44,  3.40 ,  3.40 ,  3.40 ,  3.40 ,""  5,000.00 """
DABUR24MAY560CE,DABUR,CE,06/May/2024 11:45,  3.40 ,  3.50 ,  3.40 ,  3.50 ,  -   
"DABUR24MAY560CE,DABUR,CE,06/May/2024 11:46,  3.50 ,  3.50 ,  3.50 ,  3.50 ,""  5,000.00 """
DABUR24MAY560CE,DABUR,CE,06/May/2024 11:47,  3.50 ,  3.50 ,  3.50 ,  3.50 ,  -   
DABUR24MAY560CE,DABUR,CE,06/May/2024 11:48,  3.50 ,  3.50 ,  3.50 ,  3.50 ,  -   
DABUR24MAY560CE,DABUR,CE,06/May/2024 11:49,  3.50 ,  3.50 ,  3.50 ,  3.50 ,  -   
DABUR24MAY560CE,DABUR,CE,06/May/2024 11:50,  3.50 ,  3.50 ,  3.50 ,  3.50 ,  -   
DABUR24MAY560CE,DABUR,CE,06/May/2024 11:51,  3.50 ,  3.50 ,  3.50 ,  3.50 ,  -   
DABUR24MAY560CE,DABUR,CE,06/May/2024 11:52,  3.50 ,  3.50 ,  3.50 ,  3.50 ,  -   
DABUR24MAY560CE,DABUR,CE,06/May/2024 11:53,  3.50 ,  3.50 ,  3.50 ,  3.50 ,  -   
"DABUR24MAY560CE,DABUR,CE,06/May/2024 11:54,  3.50 ,  3.55 ,  3.50 ,  3.55 ,""  1,250.00 """
"DABUR24MAY560CE,DABUR,CE,06/May/2024 11:55,  3.55 ,  3.60 ,  3.55 ,  3.55 ,""  3,750.00 """
"DABUR24MAY560CE,DABUR,CE,06/May/2024 11:56,  3.40 ,  3.40 ,  3.40 ,  3.40 ,""  1,250.00 """
"DABUR24MAY560CE,DABUR,CE,06/May/2024 11:57,  3.40 ,  3.45 ,  3.40 ,  3.45 ,""  1,250.00 """
"DABUR24MAY560CE,DABUR,CE,06/May/2024 11:58,  3.45 ,  3.45 ,  3.45 ,  3.45 ,""  5,000.00 """
"DABUR24MAY560CE,DABUR,CE,06/May/2024 11:59,  3.45 ,  3.50 ,  3.45 ,  3.50 ,""  1,250.00 """
"DABUR24MAY560CE,DABUR,CE,06/May/2024 12:00,  3.50 ,  3.50 ,  3.50 ,  3.50 ,""  5,000.00 """
"DABUR24MAY560CE,DABUR,CE,06/May/2024 12:01,  3.50 ,  3.50 ,  3.45 ,  3.45 ,""  5,000.00 """
DABUR24MAY560CE,DABUR,CE,06/May/2024 12:02,  3.45 ,  3.45 ,  3.45 ,  3.45 ,  -   
DABUR24MAY560CE,DABUR,CE,06/May/2024 12:03,  3.45 ,  3.45 ,  3.45 ,  3.45 ,  -   
DABUR24MAY560CE,DABUR,CE,06/May/2024 12:04,  3.45 ,  3.45 ,  3.45 ,  3.45 ,  -   
DABUR24MAY560CE,DABUR,CE,06/May/2024 12:05,  3.45 ,  3.45 ,  3.45 ,  3.45 ,  -   
"DABUR24MAY560CE,DABUR,CE,06/May/2024 12:06,  3.35 ,  3.40 ,  3.25 ,  3.25 ,""  8,750.00 """
"DABUR24MAY560CE,DABUR,CE,06/May/2024 12:07,  3.25 ,  3.30 ,  3.25 ,  3.30 ,""  2,500.00 """
DABUR24MAY560CE,DABUR,CE,06/May/2024 12:08,  3.30 ,  3.30 ,  3.30 ,  3.30 ,  -   
"DABUR24MAY560CE,DABUR,CE,06/May/2024 12:09,  3.30 ,  3.30 ,  3.30 ,  3.30 ,""  1,250.00 """
DABUR24MAY560CE,DABUR,CE,06/May/2024 12:10,  3.30 ,  3.30 ,  3.30 ,  3.30 ,  -   
DABUR24MAY560CE,DABUR,CE,06/May/2024 12:11,  3.30 ,  3.30 ,  3.30 ,  3.30 ,  -   
"DABUR24MAY560CE,DABUR,CE,06/May/2024 12:12,  3.30 ,  3.35 ,  3.30 ,  3.30 ,""  2,500.00 """
"DABUR24MAY560CE,DABUR,CE,06/May/2024 12:13,  3.35 ,  3.35 ,  3.35 ,  3.35 ,""  3,750.00 """
DABUR24MAY560CE,DABUR,CE,06/May/2024 12:14,  3.35 ,  3.35 ,  3.35 ,  3.35 ,  -   
DABUR24MAY560CE,DABUR,CE,06/May/2024 12:15,  3.35 ,  3.35 ,  3.35 ,  3.35 ,  -   
"DABUR24MAY560CE,DABUR,CE,06/May/2024 12:16,  3.25 ,  3.25 ,  3.25 ,  3.25 ,""  2,500.00 """
"DABUR24MAY560CE,DABUR,CE,06/May/2024 12:17,  3.30 ,  3.35 ,  3.25 ,  3.35 ,""  10,000.00 """
"DABUR24MAY560CE,DABUR,CE,06/May/2024 12:18,  3.35 ,  3.45 ,  3.35 ,  3.45 ,""  2,500.00 """
DABUR24MAY560CE,DABUR,CE,06/May/2024 12:19,  3.45 ,  3.45 ,  3.45 ,  3.45 ,  -   
DABUR24MAY560CE,DABUR,CE,06/May/2024 12:20,  3.45 ,  3.45 ,  3.45 ,  3.45 ,  -   
"DABUR24MAY560CE,DABUR,CE,06/May/2024 12:21,  3.45 ,  3.45 ,  3.40 ,  3.40 ,""  1,250.00 """
DABUR24MAY560CE,DABUR,CE,06/May/2024 12:22,  3.40 ,  3.40 ,  3.40 ,  3.40 ,  -   
DABUR24MAY560CE,DABUR,CE,06/May/2024 12:23,  3.40 ,  3.40 ,  3.40 ,  3.40 ,  -   
DABUR24MAY560CE,DABUR,CE,06/May/2024 12:24,  3.40 ,  3.40 ,  3.40 ,  3.40 ,  -   
"DABUR24MAY560CE,DABUR,CE,06/May/2024 12:25,  3.40 ,  3.45 ,  3.40 ,  3.40 ,""  2,500.00 """
"DABUR24MAY560CE,DABUR,CE,06/May/2024 12:26,  3.40 ,  3.40 ,  3.35 ,  3.35 ,""  7,500.00 """
"DABUR24MAY560CE,DABUR,CE,06/May/2024 12:27,  3.35 ,  3.35 ,  3.35 ,  3.35 ,""  3,750.00 """
"DABUR24MAY560CE,DABUR,CE,06/May/2024 12:28,  3.35 ,  3.35 ,  3.30 ,  3.35 ,""  3,750.00 """
"DABUR24MAY560CE,DABUR,CE,06/May/2024 12:29,  3.35 ,  3.40 ,  3.35 ,  3.40 ,""  3,750.00 """
DABUR24MAY560CE,DABUR,CE,06/May/2024 12:30,  3.40 ,  3.40 ,  3.40 ,  3.40 ,  -   
DABUR24MAY560CE,DABUR,CE,06/May/2024 12:31,  3.40 ,  3.40 ,  3.40 ,  3.40 ,  -   
"DABUR24MAY560CE,DABUR,CE,06/May/2024 12:32,  3.35 ,  3.35 ,  3.35 ,  3.35 ,""  5,000.00 """
DABUR24MAY560CE,DABUR,CE,06/May/2024 12:33,  3.35 ,  3.35 ,  3.35 ,  3.35 ,  -   
DABUR24MAY560CE,DABUR,CE,06/May/2024 12:34,  3.35 ,  3.35 ,  3.35 ,  3.35 ,  -   
"DABUR24MAY560CE,DABUR,CE,06/May/2024 12:35,  3.35 ,  3.35 ,  3.30 ,  3.30 ,""  3,750.00 """
DABUR24MAY560CE,DABUR,CE,06/May/2024 12:36,  3.30 ,  3.30 ,  3.30 ,  3.30 ,  -   
DABUR24MAY560CE,DABUR,CE,06/May/2024 12:37,  3.30 ,  3.30 ,  3.30 ,  3.30 ,  -   
DABUR24MAY560CE,DABUR,CE,06/May/2024 12:38,  3.30 ,  3.30 ,  3.30 ,  3.30 ,  -   
"DABUR24MAY560CE,DABUR,CE,06/May/2024 12:39,  3.30 ,  3.40 ,  3.30 ,  3.40 ,""  3,750.00 """
"DABUR24MAY560CE,DABUR,CE,06/May/2024 12:40,  3.40 ,  3.40 ,  3.35 ,  3.35 ,""  7,500.00 """
"DABUR24MAY560CE,DABUR,CE,06/May/2024 12:41,  3.35 ,  3.35 ,  3.30 ,  3.30 ,""  2,500.00 """
DABUR24MAY560CE,DABUR,CE,06/May/2024 12:42,  3.30 ,  3.30 ,  3.30 ,  3.30 ,  -   
DABUR24MAY560CE,DABUR,CE,06/May/2024 12:43,  3.30 ,  3.30 ,  3.30 ,  3.30 ,  -   
DABUR24MAY560CE,DABUR,CE,06/May/2024 12:44,  3.30 ,  3.30 ,  3.30 ,  3.30 ,  -   
DABUR24MAY560CE,DABUR,CE,06/May/2024 12:45,  3.30 ,  3.30 ,  3.30 ,  3.30 ,  -   
"DABUR24MAY560CE,DABUR,CE,06/May/2024 12:46,  3.30 ,  3.30 ,  3.20 ,  3.20 ,""  2,500.00 """
"DABUR24MAY560CE,DABUR,CE,06/May/2024 12:47,  3.20 ,  3.20 ,  3.20 ,  3.20 ,""  10,000.00 """
"DABUR24MAY560CE,DABUR,CE,06/May/2024 12:48,  3.20 ,  3.25 ,  3.20 ,  3.20 ,""  12,500.00 """
DABUR24MAY560CE,DABUR,CE,06/May/2024 12:49,  3.20 ,  3.20 ,  3.20 ,  3.20 ,  -   
DABUR24MAY560CE,DABUR,CE,06/May/2024 12:50,  3.20 ,  3.20 ,  3.20 ,  3.20 ,  -   
"DABUR24MAY560CE,DABUR,CE,06/May/2024 12:51,  3.20 ,  3.20 ,  3.20 ,  3.20 ,""  1,250.00 """
DABUR24MAY560CE,DABUR,CE,06/May/2024 12:52,  3.20 ,  3.20 ,  3.20 ,  3.20 ,  -   
DABUR24MAY560CE,DABUR,CE,06/May/2024 12:53,  3.20 ,  3.20 ,  3.20 ,  3.20 ,  -   
DABUR24MAY560CE,DABUR,CE,06/May/2024 12:54,  3.20 ,  3.20 ,  3.20 ,  3.20 ,  -   
DABUR24MAY560CE,DABUR,CE,06/May/2024 12:55,  3.20 ,  3.20 ,  3.20 ,  3.20 ,  -   
DABUR24MAY560CE,DABUR,CE,06/May/2024 12:56,  3.20 ,  3.20 ,  3.20 ,  3.20 ,  -   
DABUR24MAY560CE,DABUR,CE,06/May/2024 12:57,  3.20 ,  3.20 ,  3.20 ,  3.20 ,  -   
DABUR24MAY560CE,DABUR,CE,06/May/2024 12:58,  3.20 ,  3.20 ,  3.20 ,  3.20 ,  -   
DABUR24MAY560CE,DABUR,CE,06/May/2024 12:59,  3.20 ,  3.20 ,  3.20 ,  3.20 ,  -   
"DABUR24MAY560CE,DABUR,CE,06/May/2024 13:00,  3.20 ,  3.20 ,  3.20 ,  3.20 ,""  1,250.00 """
DABUR24MAY560CE,DABUR,CE,06/May/2024 13:01,  3.20 ,  3.20 ,  3.20 ,  3.20 ,  -   
"DABUR24MAY560CE,DABUR,CE,06/May/2024 13:02,  3.25 ,  3.30 ,  3.25 ,  3.30 ,""  5,000.00 """
"DABUR24MAY560CE,DABUR,CE,06/May/2024 13:03,  3.30 ,  3.30 ,  3.30 ,  3.30 ,""  1,250.00 """
"DABUR24MAY560CE,DABUR,CE,06/May/2024 13:04,  3.30 ,  3.30 ,  3.30 ,  3.30 ,""  2,500.00 """
"DABUR24MAY560CE,DABUR,CE,06/May/2024 13:05,  3.30 ,  3.30 ,  3.30 ,  3.30 ,""  2,500.00 """
"DABUR24MAY560CE,DABUR,CE,06/May/2024 13:06,  3.30 ,  3.30 ,  3.30 ,  3.30 ,""  1,250.00 """
"DABUR24MAY560CE,DABUR,CE,06/May/2024 13:07,  3.30 ,  3.30 ,  3.25 ,  3.25 ,""  2,500.00 """
DABUR24MAY560CE,DABUR,CE,06/May/2024 13:08,  3.25 ,  3.25 ,  3.25 ,  3.25 ,  -   
DABUR24MAY560CE,DABUR,CE,06/May/2024 13:09,  3.25 ,  3.25 ,  3.25 ,  3.25 ,  -   
DABUR24MAY560CE,DABUR,CE,06/May/2024 13:10,  3.25 ,  3.25 ,  3.25 ,  3.25 ,  -   
DABUR24MAY560CE,DABUR,CE,06/May/2024 13:11,  3.25 ,  3.25 ,  3.25 ,  3.25 ,  -   
DABUR24MAY560CE,DABUR,CE,06/May/2024 13:12,  3.25 ,  3.25 ,  3.25 ,  3.25 ,  -   
DABUR24MAY560CE,DABUR,CE,06/May/2024 13:13,  3.25 ,  3.25 ,  3.25 ,  3.25 ,  -   
"DABUR24MAY560CE,DABUR,CE,06/May/2024 13:14,  3.25 ,  3.25 ,  3.20 ,  3.20 ,""  2,500.00 """
DABUR24MAY560CE,DABUR,CE,06/May/2024 13:15,  3.20 ,  3.20 ,  3.20 ,  3.20 ,  -   
"DABUR24MAY560CE,DABUR,CE,06/May/2024 13:16,  3.20 ,  3.20 ,  3.20 ,  3.20 ,""  1,250.00 """
DABUR24MAY560CE,DABUR,CE,06/May/2024 13:17,  3.20 ,  3.20 ,  3.20 ,  3.20 ,  -   
"DABUR24MAY560CE,DABUR,CE,06/May/2024 13:18,  3.20 ,  3.25 ,  3.20 ,  3.25 ,""  2,500.00 """
DABUR24MAY560CE,DABUR,CE,06/May/2024 13:19,  3.25 ,  3.25 ,  3.25 ,  3.25 ,  -   
DABUR24MAY560CE,DABUR,CE,06/May/2024 13:20,  3.25 ,  3.25 ,  3.25 ,  3.25 ,  -   
"DABUR24MAY560CE,DABUR,CE,06/May/2024 13:21,  3.25 ,  3.25 ,  3.20 ,  3.20 ,""  1,250.00 """
"DABUR24MAY560CE,DABUR,CE,06/May/2024 13:22,  3.20 ,  3.20 ,  3.20 ,  3.20 ,""  2,500.00 """
DABUR24MAY560CE,DABUR,CE,06/May/2024 13:23,  3.20 ,  3.20 ,  3.20 ,  3.20 ,  -   
"DABUR24MAY560CE,DABUR,CE,06/May/2024 13:24,  3.20 ,  3.25 ,  3.20 ,  3.25 ,""  1,250.00 """
DABUR24MAY560CE,DABUR,CE,06/May/2024 13:25,  3.25 ,  3.25 ,  3.25 ,  3.25 ,  -   
DABUR24MAY560CE,DABUR,CE,06/May/2024 13:26,  3.25 ,  3.25 ,  3.25 ,  3.25 ,  -   
DABUR24MAY560CE,DABUR,CE,06/May/2024 13:27,  3.25 ,  3.40 ,  3.25 ,  3.40 ,  -   
"DABUR24MAY560CE,DABUR,CE,06/May/2024 13:28,  3.40 ,  3.50 ,  3.40 ,  3.50 ,""  7,500.00 """
"DABUR24MAY560CE,DABUR,CE,06/May/2024 13:29,  3.50 ,  3.50 ,  3.40 ,  3.50 ,""  8,750.00 """
DABUR24MAY560CE,DABUR,CE,06/May/2024 13:30,  3.50 ,  3.50 ,  3.50 ,  3.50 ,  -   
"DABUR24MAY560CE,DABUR,CE,06/May/2024 13:31,  3.40 ,  3.40 ,  3.40 ,  3.40 ,""  1,250.00 """
DABUR24MAY560CE,DABUR,CE,06/May/2024 13:32,  3.40 ,  3.40 ,  3.40 ,  3.40 ,  -   
"DABUR24MAY560CE,DABUR,CE,06/May/2024 13:33,  3.40 ,  3.50 ,  3.40 ,  3.50 ,""  1,250.00 """
"DABUR24MAY560CE,DABUR,CE,06/May/2024 13:34,  3.50 ,  3.50 ,  3.50 ,  3.50 ,""  2,500.00 """
"DABUR24MAY560CE,DABUR,CE,06/May/2024 13:35,  3.50 ,  3.65 ,  3.50 ,  3.65 ,""  7,500.00 """
"DABUR24MAY560CE,DABUR,CE,06/May/2024 13:36,  3.65 ,  3.70 ,  3.65 ,  3.70 ,""  8,750.00 """
"DABUR24MAY560CE,DABUR,CE,06/May/2024 13:37,  3.70 ,  3.70 ,  3.65 ,  3.65 ,""  1,250.00 """
DABUR24MAY560CE,DABUR,CE,06/May/2024 13:38,  3.65 ,  3.65 ,  3.65 ,  3.65 ,  -   
"DABUR24MAY560CE,DABUR,CE,06/May/2024 13:39,  3.65 ,  3.70 ,  3.65 ,  3.70 ,""  2,500.00 """
DABUR24MAY560CE,DABUR,CE,06/May/2024 13:40,  3.70 ,  3.70 ,  3.70 ,  3.70 ,  -   
DABUR24MAY560CE,DABUR,CE,06/May/2024 13:41,  3.70 ,  3.70 ,  3.70 ,  3.70 ,  -   
"DABUR24MAY560CE,DABUR,CE,06/May/2024 13:42,  3.70 ,  3.70 ,  3.70 ,  3.70 ,""  5,000.00 """
DABUR24MAY560CE,DABUR,CE,06/May/2024 13:43,  3.70 ,  3.70 ,  3.70 ,  3.70 ,  -   
DABUR24MAY560CE,DABUR,CE,06/May/2024 13:44,  3.70 ,  3.70 ,  3.70 ,  3.70 ,  -   
"DABUR24MAY560CE,DABUR,CE,06/May/2024 13:45,  3.70 ,  3.75 ,  3.70 ,  3.75 ,""  1,250.00 """
DABUR24MAY560CE,DABUR,CE,06/May/2024 13:46,  3.75 ,  3.75 ,  3.75 ,  3.75 ,  -   
"DABUR24MAY560CE,DABUR,CE,06/May/2024 13:47,  3.75 ,  3.75 ,  3.70 ,  3.70 ,""  1,250.00 """
DABUR24MAY560CE,DABUR,CE,06/May/2024 13:48,  3.70 ,  3.70 ,  3.70 ,  3.70 ,  -   
"DABUR24MAY560CE,DABUR,CE,06/May/2024 13:49,  3.70 ,  3.70 ,  3.60 ,  3.60 ,""  1,250.00 """
DABUR24MAY560CE,DABUR,CE,06/May/2024 13:50,  3.60 ,  3.60 ,  3.60 ,  3.60 ,  -   
"DABUR24MAY560CE,DABUR,CE,06/May/2024 13:51,  3.60 ,  3.70 ,  3.60 ,  3.70 ,""  7,500.00 """
DABUR24MAY560CE,DABUR,CE,06/May/2024 13:52,  3.70 ,  3.70 ,  3.70 ,  3.70 ,  -   
DABUR24MAY560CE,DABUR,CE,06/May/2024 13:53,  3.70 ,  3.70 ,  3.70 ,  3.70 ,  -   
"DABUR24MAY560CE,DABUR,CE,06/May/2024 13:54,  3.70 ,  3.70 ,  3.65 ,  3.65 ,""  2,500.00 """
"DABUR24MAY560CE,DABUR,CE,06/May/2024 13:55,  3.65 ,  3.65 ,  3.65 ,  3.65 ,""  2,500.00 """
DABUR24MAY560CE,DABUR,CE,06/May/2024 13:56,  3.65 ,  3.65 ,  3.65 ,  3.65 ,  -   
DABUR24MAY560CE,DABUR,CE,06/May/2024 13:57,  3.65 ,  3.65 ,  3.65 ,  3.65 ,  -   
"DABUR24MAY560CE,DABUR,CE,06/May/2024 13:58,  3.65 ,  3.65 ,  3.65 ,  3.65 ,""  3,750.00 """
"DABUR24MAY560CE,DABUR,CE,06/May/2024 13:59,  3.65 ,  3.70 ,  3.65 ,  3.70 ,""  1,250.00 """
DABUR24MAY560CE,DABUR,CE,06/May/2024 14:00,  3.70 ,  3.70 ,  3.70 ,  3.70 ,  -   
DABUR24MAY560CE,DABUR,CE,06/May/2024 14:01,  3.70 ,  3.70 ,  3.70 ,  3.70 ,  -   
DABUR24MAY560CE,DABUR,CE,06/May/2024 14:02,  3.70 ,  3.70 ,  3.70 ,  3.70 ,  -   
"DABUR24MAY560CE,DABUR,CE,06/May/2024 14:03,  3.70 ,  3.70 ,  3.60 ,  3.60 ,""  2,500.00 """
"DABUR24MAY560CE,DABUR,CE,06/May/2024 14:04,  3.60 ,  3.65 ,  3.60 ,  3.65 ,""  1,250.00 """
DABUR24MAY560CE,DABUR,CE,06/May/2024 14:05,  3.65 ,  3.65 ,  3.65 ,  3.65 ,  -   
"DABUR24MAY560CE,DABUR,CE,06/May/2024 14:06,  3.65 ,  3.65 ,  3.50 ,  3.50 ,""  1,250.00 """
"DABUR24MAY560CE,DABUR,CE,06/May/2024 14:07,  3.50 ,  3.55 ,  3.50 ,  3.55 ,""  3,750.00 """
DABUR24MAY560CE,DABUR,CE,06/May/2024 14:08,  3.55 ,  3.55 ,  3.55 ,  3.55 ,  -   
DABUR24MAY560CE,DABUR,CE,06/May/2024 14:09,  3.55 ,  3.55 ,  3.55 ,  3.55 ,  -   
DABUR24MAY560CE,DABUR,CE,06/May/2024 14:10,  3.55 ,  3.55 ,  3.55 ,  3.55 ,  -   
"DABUR24MAY560CE,DABUR,CE,06/May/2024 14:11,  3.55 ,  3.55 ,  3.55 ,  3.55 ,""  1,250.00 """
DABUR24MAY560CE,DABUR,CE,06/May/2024 14:12,  3.55 ,  3.55 ,  3.55 ,  3.55 ,  -   
DABUR24MAY560CE,DABUR,CE,06/May/2024 14:13,  3.55 ,  3.55 ,  3.55 ,  3.55 ,  -   
DABUR24MAY560CE,DABUR,CE,06/May/2024 14:14,  3.55 ,  3.55 ,  3.55 ,  3.55 ,  -   
DABUR24MAY560CE,DABUR,CE,06/May/2024 14:15,  3.55 ,  3.55 ,  3.55 ,  3.55 ,  -   
"DABUR24MAY560CE,DABUR,CE,06/May/2024 14:16,  3.55 ,  3.55 ,  3.50 ,  3.50 ,""  1,250.00 """
DABUR24MAY560CE,DABUR,CE,06/May/2024 14:17,  3.50 ,  3.50 ,  3.50 ,  3.50 ,  -   
DABUR24MAY560CE,DABUR,CE,06/May/2024 14:18,  3.50 ,  3.50 ,  3.50 ,  3.50 ,  -   
DABUR24MAY560CE,DABUR,CE,06/May/2024 14:19,  3.50 ,  3.50 ,  3.50 ,  3.50 ,  -   
DABUR24MAY560CE,DABUR,CE,06/May/2024 14:20,  3.50 ,  3.50 ,  3.50 ,  3.50 ,  -   
DABUR24MAY560CE,DABUR,CE,06/May/2024 14:21,  3.50 ,  3.50 ,  3.50 ,  3.50 ,  -   
"DABUR24MAY560CE,DABUR,CE,06/May/2024 14:22,  3.50 ,  3.55 ,  3.50 ,  3.55 ,""  1,250.00 """
"DABUR24MAY560CE,DABUR,CE,06/May/2024 14:23,  3.55 ,  3.55 ,  3.50 ,  3.50 ,""  2,500.00 """
DABUR24MAY560CE,DABUR,CE,06/May/2024 14:24,  3.50 ,  3.50 ,  3.50 ,  3.50 ,  -   
"DABUR24MAY560CE,DABUR,CE,06/May/2024 14:25,  3.50 ,  3.50 ,  3.40 ,  3.40 ,""  1,250.00 """
"DABUR24MAY560CE,DABUR,CE,06/May/2024 14:26,  3.40 ,  3.45 ,  3.40 ,  3.45 ,""  1,250.00 """
DABUR24MAY560CE,DABUR,CE,06/May/2024 14:27,  3.45 ,  3.45 ,  3.45 ,  3.45 ,  -   
DABUR24MAY560CE,DABUR,CE,06/May/2024 14:28,  3.45 ,  3.45 ,  3.45 ,  3.45 ,  -   
DABUR24MAY560CE,DABUR,CE,06/May/2024 14:29,  3.45 ,  3.45 ,  3.45 ,  3.45 ,  -   
"DABUR24MAY560CE,DABUR,CE,06/May/2024 14:30,  3.45 ,  3.45 ,  3.45 ,  3.45 ,""  1,250.00 """
DABUR24MAY560CE,DABUR,CE,06/May/2024 14:31,  3.45 ,  3.45 ,  3.45 ,  3.45 ,  -   
"DABUR24MAY560CE,DABUR,CE,06/May/2024 14:32,  3.45 ,  3.60 ,  3.45 ,  3.60 ,""  8,750.00 """
DABUR24MAY560CE,DABUR,CE,06/May/2024 14:33,  3.60 ,  3.60 ,  3.60 ,  3.60 ,  -   
DABUR24MAY560CE,DABUR,CE,06/May/2024 14:34,  3.60 ,  3.60 ,  3.60 ,  3.60 ,  -   
"DABUR24MAY560CE,DABUR,CE,06/May/2024 14:35,  3.60 ,  3.60 ,  3.60 ,  3.60 ,""  1,250.00 """
"DABUR24MAY560CE,DABUR,CE,06/May/2024 14:36,  3.60 ,  3.60 ,  3.60 ,  3.60 ,""  1,250.00 """
DABUR24MAY560CE,DABUR,CE,06/May/2024 14:37,  3.60 ,  3.60 ,  3.60 ,  3.60 ,  -   
"DABUR24MAY560CE,DABUR,CE,06/May/2024 14:38,  3.60 ,  3.60 ,  3.50 ,  3.50 ,""  1,250.00 """
"DABUR24MAY560CE,DABUR,CE,06/May/2024 14:39,  3.50 ,  3.50 ,  3.50 ,  3.50 ,""  2,500.00 """
"DABUR24MAY560CE,DABUR,CE,06/May/2024 14:40,  3.50 ,  3.50 ,  3.50 ,  3.50 ,""  1,250.00 """
DABUR24MAY560CE,DABUR,CE,06/May/2024 14:41,  3.50 ,  3.50 ,  3.50 ,  3.50 ,  -   
DABUR24MAY560CE,DABUR,CE,06/May/2024 14:42,  3.50 ,  3.50 ,  3.50 ,  3.50 ,  -   
"DABUR24MAY560CE,DABUR,CE,06/May/2024 14:43,  3.60 ,  3.60 ,  3.60 ,  3.60 ,""  3,750.00 """
DABUR24MAY560CE,DABUR,CE,06/May/2024 14:44,  3.60 ,  3.60 ,  3.60 ,  3.60 ,  -   
DABUR24MAY560CE,DABUR,CE,06/May/2024 14:45,  3.60 ,  3.70 ,  3.60 ,  3.65 ,  -   
"DABUR24MAY560CE,DABUR,CE,06/May/2024 14:46,  3.65 ,  3.70 ,  3.65 ,  3.70 ,""  7,500.00 """
"DABUR24MAY560CE,DABUR,CE,06/May/2024 14:47,  3.70 ,  3.70 ,  3.70 ,  3.70 ,""  2,500.00 """
DABUR24MAY560CE,DABUR,CE,06/May/2024 14:48,  3.70 ,  3.70 ,  3.70 ,  3.70 ,  -   
"DABUR24MAY560CE,DABUR,CE,06/May/2024 14:49,  3.70 ,  3.70 ,  3.70 ,  3.70 ,""  1,250.00 """
DABUR24MAY560CE,DABUR,CE,06/May/2024 14:50,  3.70 ,  3.70 ,  3.70 ,  3.70 ,  -   
DABUR24MAY560CE,DABUR,CE,06/May/2024 14:51,  3.70 ,  3.70 ,  3.70 ,  3.70 ,  -   
DABUR24MAY560CE,DABUR,CE,06/May/2024 14:52,  3.70 ,  3.70 ,  3.70 ,  3.70 ,  -   
DABUR24MAY560CE,DABUR,CE,06/May/2024 14:53,  3.70 ,  3.70 ,  3.70 ,  3.70 ,  -   
DABUR24MAY560CE,DABUR,CE,06/May/2024 14:54,  3.70 ,  3.70 ,  3.70 ,  3.70 ,  -   
"DABUR24MAY560CE,DABUR,CE,06/May/2024 14:55,  3.70 ,  3.70 ,  3.70 ,  3.70 ,""  2,500.00 """
DABUR24MAY560CE,DABUR,CE,06/May/2024 14:56,  3.70 ,  3.70 ,  3.70 ,  3.70 ,  -   
DABUR24MAY560CE,DABUR,CE,06/May/2024 14:57,  3.70 ,  3.70 ,  3.70 ,  3.70 ,  -   
"DABUR24MAY560CE,DABUR,CE,06/May/2024 14:58,  3.70 ,  3.70 ,  3.60 ,  3.60 ,""  1,250.00 """
DABUR24MAY560CE,DABUR,CE,06/May/2024 14:59,  3.60 ,  3.60 ,  3.60 ,  3.60 ,  -   
"DABUR24MAY560CE,DABUR,CE,06/May/2024 15:00,  3.60 ,  3.65 ,  3.55 ,  3.55 ,""  5,000.00 """
DABUR24MAY560CE,DABUR,CE,06/May/2024 15:01,  3.55 ,  3.55 ,  3.55 ,  3.55 ,  -   
"DABUR24MAY560CE,DABUR,CE,06/May/2024 15:02,  3.55 ,  3.70 ,  3.55 ,  3.70 ,""  2,500.00 """
"DABUR24MAY560CE,DABUR,CE,06/May/2024 15:03,  3.75 ,  3.80 ,  3.75 ,  3.80 ,""  2,500.00 """
DABUR24MAY560CE,DABUR,CE,06/May/2024 15:04,  3.80 ,  3.80 ,  3.80 ,  3.80 ,  -   
DABUR24MAY560CE,DABUR,CE,06/May/2024 15:05,  3.80 ,  3.80 ,  3.80 ,  3.80 ,  -   
"DABUR24MAY560CE,DABUR,CE,06/May/2024 15:06,  3.80 ,  3.80 ,  3.60 ,  3.65 ,""  3,750.00 """
"DABUR24MAY560CE,DABUR,CE,06/May/2024 15:07,  3.65 ,  3.75 ,  3.65 ,  3.75 ,""  5,000.00 """
"DABUR24MAY560CE,DABUR,CE,06/May/2024 15:08,  3.75 ,  3.85 ,  3.70 ,  3.75 ,""  38,750.00 """
"DABUR24MAY560CE,DABUR,CE,06/May/2024 15:09,  3.75 ,  3.75 ,  3.70 ,  3.70 ,""  1,250.00 """
"DABUR24MAY560CE,DABUR,CE,06/May/2024 15:10,  3.70 ,  3.80 ,  3.70 ,  3.70 ,""  5,000.00 """
"DABUR24MAY560CE,DABUR,CE,06/May/2024 15:11,  3.70 ,  3.75 ,  3.70 ,  3.75 ,""  2,500.00 """
"DABUR24MAY560CE,DABUR,CE,06/May/2024 15:12,  3.75 ,  3.85 ,  3.75 ,  3.85 ,""  21,250.00 """
"DABUR24MAY560CE,DABUR,CE,06/May/2024 15:13,  3.85 ,  3.90 ,  3.80 ,  3.80 ,""  10,000.00 """
"DABUR24MAY560CE,DABUR,CE,06/May/2024 15:14,  3.80 ,  3.80 ,  3.80 ,  3.80 ,""  1,250.00 """
"DABUR24MAY560CE,DABUR,CE,06/May/2024 15:15,  3.80 ,  3.80 ,  3.75 ,  3.75 ,""  2,500.00 """
"DABUR24MAY560CE,DABUR,CE,06/May/2024 15:16,  3.75 ,  3.75 ,  3.75 ,  3.75 ,""  1,250.00 """
"DABUR24MAY560CE,DABUR,CE,06/May/2024 15:17,  3.75 ,  3.75 ,  3.70 ,  3.75 ,""  2,500.00 """
"DABUR24MAY560CE,DABUR,CE,06/May/2024 15:18,  3.75 ,  3.75 ,  3.65 ,  3.75 ,""  5,000.00 """
"DABUR24MAY560CE,DABUR,CE,06/May/2024 15:19,  3.75 ,  3.75 ,  3.65 ,  3.65 ,""  1,250.00 """
"DABUR24MAY560CE,DABUR,CE,06/May/2024 15:20,  3.65 ,  3.65 ,  3.65 ,  3.65 ,""  2,500.00 """
"DABUR24MAY560CE,DABUR,CE,06/May/2024 15:21,  3.65 ,  3.70 ,  3.65 ,  3.70 ,""  1,250.00 """
"DABUR24MAY560CE,DABUR,CE,06/May/2024 15:22,  3.70 ,  3.70 ,  3.65 ,  3.65 ,""  1,250.00 """
"DABUR24MAY560CE,DABUR,CE,06/May/2024 15:23,  3.75 ,  3.75 ,  3.75 ,  3.75 ,""  2,500.00 """
"DABUR24MAY560CE,DABUR,CE,06/May/2024 15:24,  3.80 ,  3.80 ,  3.80 ,  3.80 ,""  1,250.00 """
"DABUR24MAY560CE,DABUR,CE,06/May/2024 15:25,  3.80 ,  3.80 ,  3.80 ,  3.80 ,""  10,000.00 """
"DABUR24MAY560CE,DABUR,CE,06/May/2024 15:26,  3.80 ,  3.80 ,  3.75 ,  3.80 ,""  6,250.00 """
"DABUR24MAY560CE,DABUR,CE,06/May/2024 15:27,  3.80 ,  3.85 ,  3.80 ,  3.85 ,""  2,500.00 """
"DABUR24MAY560CE,DABUR,CE,06/May/2024 15:28,  3.85 ,  3.85 ,  3.75 ,  3.80 ,""  7,500.00 """
"DABUR24MAY560CE,DABUR,CE,06/May/2024 15:29,  3.80 ,  3.80 ,  3.70 ,  3.80 ,""  12,500.00 """
"DABUR24MAY560CE,DABUR,CE,07/May/2024 09:15,  4.70 ,  6.00 ,  4.10 ,  4.80 ,""  68,750.00 """
"DABUR24MAY560CE,DABUR,CE,07/May/2024 09:16,  4.80 ,  5.75 ,  4.55 ,  5.60 ,""  87,500.00 """
"DABUR24MAY560CE,DABUR,CE,07/May/2024 09:17,  5.65 ,  7.90 ,  5.45 ,  7.90 ,""  203,750.00 """
"DABUR24MAY560CE,DABUR,CE,07/May/2024 09:18,  7.90 ,  9.50 ,  7.75 ,  9.50 ,""  232,500.00 """
"DABUR24MAY560CE,DABUR,CE,07/May/2024 09:19,  8.90 ,  9.50 ,  8.00 ,  8.20 ,""  192,500.00 """
"DABUR24MAY560CE,DABUR,CE,07/May/2024 09:20,  8.20 ,  9.05 ,  8.20 ,  8.35 ,""  131,250.00 """
"DABUR24MAY560CE,DABUR,CE,07/May/2024 09:21,  8.45 ,  10.90 ,  8.40 ,  10.80 ,""  267,500.00 """
"DABUR24MAY560CE,DABUR,CE,07/May/2024 09:22,  10.60 ,  10.95 ,  9.20 ,  10.70 ,""  95,000.00 """
"DABUR24MAY560CE,DABUR,CE,07/May/2024 09:23,  10.70 ,  11.55 ,  10.70 ,  11.20 ,""  263,750.00 """
"DABUR24MAY560CE,DABUR,CE,07/May/2024 09:24,  11.00 ,  11.85 ,  10.45 ,  11.85 ,""  187,500.00 """
"DABUR24MAY560CE,DABUR,CE,07/May/2024 09:25,  11.45 ,  11.80 ,  10.95 ,  11.45 ,""  241,250.00 """
"DABUR24MAY560CE,DABUR,CE,07/May/2024 09:26,  11.45 ,  14.35 ,  11.25 ,  14.20 ,""  278,750.00 """
"DABUR24MAY560CE,DABUR,CE,07/May/2024 09:27,  14.10 ,  14.25 ,  12.35 ,  12.90 ,""  370,000.00 """
"DABUR24MAY560CE,DABUR,CE,07/May/2024 09:28,  12.75 ,  13.50 ,  12.00 ,  12.00 ,""  291,250.00 """
"DABUR24MAY560CE,DABUR,CE,07/May/2024 09:29,  12.00 ,  13.25 ,  12.00 ,  12.95 ,""  90,000.00 """
"DABUR24MAY560CE,DABUR,CE,07/May/2024 09:30,  12.95 ,  13.80 ,  12.95 ,  13.65 ,""  158,750.00 """
"DABUR24MAY560CE,DABUR,CE,07/May/2024 09:31,  13.70 ,  13.80 ,  13.30 ,  13.30 ,""  151,250.00 """
"DABUR24MAY560CE,DABUR,CE,07/May/2024 09:32,  13.30 ,  13.30 ,  12.50 ,  12.50 ,""  133,750.00 """
"DABUR24MAY560CE,DABUR,CE,07/May/2024 09:33,  12.50 ,  12.50 ,  11.15 ,  11.35 ,""  201,250.00 """
"DABUR24MAY560CE,DABUR,CE,07/May/2024 09:34,  11.50 ,  12.60 ,  11.25 ,  12.45 ,""  97,500.00 """
"DABUR24MAY560CE,DABUR,CE,07/May/2024 09:35,  12.70 ,  13.40 ,  12.35 ,  13.30 ,""  103,750.00 """
"DABUR24MAY560CE,DABUR,CE,07/May/2024 09:36,  13.30 ,  13.60 ,  13.10 ,  13.25 ,""  100,000.00 """
"DABUR24MAY560CE,DABUR,CE,07/May/2024 09:37,  13.25 ,  13.90 ,  12.95 ,  13.90 ,""  256,250.00 """
"DABUR24MAY560CE,DABUR,CE,07/May/2024 09:38,  14.10 ,  15.05 ,  14.10 ,  15.00 ,""  357,500.00 """
"DABUR24MAY560CE,DABUR,CE,07/May/2024 09:39,  15.00 ,  15.50 ,  14.55 ,  14.80 ,""  271,250.00 """
"DABUR24MAY560CE,DABUR,CE,07/May/2024 09:40,  14.80 ,  15.05 ,  12.75 ,  13.20 ,""  215,000.00 """
"DABUR24MAY560CE,DABUR,CE,07/May/2024 09:41,  13.15 ,  13.95 ,  13.00 ,  13.95 ,""  91,250.00 """
"DABUR24MAY560CE,DABUR,CE,07/May/2024 09:42,  13.85 ,  14.00 ,  13.55 ,  13.75 ,""  47,500.00 """
"DABUR24MAY560CE,DABUR,CE,07/May/2024 09:43,  13.75 ,  14.90 ,  13.75 ,  14.50 ,""  61,250.00 """
"DABUR24MAY560CE,DABUR,CE,07/May/2024 09:44,  14.50 ,  14.50 ,  13.45 ,  13.65 ,""  66,250.00 """
"DABUR24MAY560CE,DABUR,CE,07/May/2024 09:45,  13.65 ,  15.00 ,  13.55 ,  15.00 ,""  108,750.00 """
"DABUR24MAY560CE,DABUR,CE,07/May/2024 09:46,  15.00 ,  15.10 ,  13.80 ,  13.85 ,""  103,750.00 """
"DABUR24MAY560CE,DABUR,CE,07/May/2024 09:47,  13.85 ,  14.10 ,  13.55 ,  13.95 ,""  43,750.00 """
"DABUR24MAY560CE,DABUR,CE,07/May/2024 09:48,  13.95 ,  13.95 ,  13.20 ,  13.40 ,""  76,250.00 """
"DABUR24MAY560CE,DABUR,CE,07/May/2024 09:49,  13.40 ,  13.55 ,  12.65 ,  12.70 ,""  71,250.00 """
"DABUR24MAY560CE,DABUR,CE,07/May/2024 09:50,  12.70 ,  13.25 ,  12.55 ,  13.20 ,""  60,000.00 """
"DABUR24MAY560CE,DABUR,CE,07/May/2024 09:51,  13.10 ,  13.55 ,  12.20 ,  12.20 ,""  57,500.00 """
"DABUR24MAY560CE,DABUR,CE,07/May/2024 09:52,  12.20 ,  12.95 ,  12.15 ,  12.90 ,""  42,500.00 """
"DABUR24MAY560CE,DABUR,CE,07/May/2024 09:53,  12.90 ,  12.90 ,  11.40 ,  11.50 ,""  146,250.00 """
"DABUR24MAY560CE,DABUR,CE,07/May/2024 09:54,  11.50 ,  13.30 ,  11.40 ,  13.10 ,""  82,500.00 """
"DABUR24MAY560CE,DABUR,CE,07/May/2024 09:55,  13.10 ,  13.10 ,  12.50 ,  12.90 ,""  22,500.00 """
"DABUR24MAY560CE,DABUR,CE,07/May/2024 09:56,  12.90 ,  13.30 ,  12.90 ,  13.05 ,""  40,000.00 """
"DABUR24MAY560CE,DABUR,CE,07/May/2024 09:57,  13.05 ,  13.20 ,  12.65 ,  12.90 ,""  27,500.00 """
"DABUR24MAY560CE,DABUR,CE,07/May/2024 09:58,  12.90 ,  13.15 ,  12.75 ,  13.00 ,""  15,000.00 """
"DABUR24MAY560CE,DABUR,CE,07/May/2024 09:59,  13.00 ,  13.50 ,  13.00 ,  13.25 ,""  37,500.00 """
"DABUR24MAY560CE,DABUR,CE,07/May/2024 10:00,  13.25 ,  13.40 ,  12.20 ,  12.80 ,""  63,750.00 """
"DABUR24MAY560CE,DABUR,CE,07/May/2024 10:01,  12.90 ,  14.00 ,  12.90 ,  13.45 ,""  87,500.00 """
"DABUR24MAY560CE,DABUR,CE,07/May/2024 10:02,  13.45 ,  13.70 ,  13.15 ,  13.15 ,""  25,000.00 """
"DABUR24MAY560CE,DABUR,CE,07/May/2024 10:03,  13.15 ,  13.65 ,  13.05 ,  13.30 ,""  87,500.00 """
"DABUR24MAY560CE,DABUR,CE,07/May/2024 10:04,  13.30 ,  13.60 ,  13.30 ,  13.50 ,""  132,500.00 """
"DABUR24MAY560CE,DABUR,CE,07/May/2024 10:05,  13.50 ,  13.80 ,  13.50 ,  13.50 ,""  28,750.00 """
"DABUR24MAY560CE,DABUR,CE,07/May/2024 10:06,  13.50 ,  13.50 ,  13.00 ,  13.05 ,""  23,750.00 """
"DABUR24MAY560CE,DABUR,CE,07/May/2024 10:07,  13.05 ,  14.00 ,  13.05 ,  14.00 ,""  36,250.00 """
"DABUR24MAY560CE,DABUR,CE,07/May/2024 10:08,  14.00 ,  14.00 ,  13.25 ,  13.55 ,""  58,750.00 """
"DABUR24MAY560CE,DABUR,CE,07/May/2024 10:09,  13.55 ,  13.80 ,  13.35 ,  13.40 ,""  31,250.00 """
"DABUR24MAY560CE,DABUR,CE,07/May/2024 10:10,  13.40 ,  13.55 ,  13.30 ,  13.30 ,""  65,000.00 """
"DABUR24MAY560CE,DABUR,CE,07/May/2024 10:11,  13.30 ,  13.50 ,  12.90 ,  12.90 ,""  30,000.00 """
"DABUR24MAY560CE,DABUR,CE,07/May/2024 10:12,  12.90 ,  13.60 ,  12.90 ,  13.60 ,""  25,000.00 """
"DABUR24MAY560CE,DABUR,CE,07/May/2024 10:13,  13.60 ,  14.10 ,  13.60 ,  14.10 ,""  23,750.00 """
"DABUR24MAY560CE,DABUR,CE,07/May/2024 10:14,  14.10 ,  14.40 ,  13.80 ,  14.20 ,""  101,250.00 """
"DABUR24MAY560CE,DABUR,CE,07/May/2024 10:15,  14.20 ,  14.30 ,  13.85 ,  14.30 ,""  47,500.00 """
"DABUR24MAY560CE,DABUR,CE,07/May/2024 10:16,  14.30 ,  14.30 ,  14.15 ,  14.20 ,""  33,750.00 """
"DABUR24MAY560CE,DABUR,CE,07/May/2024 10:17,  14.20 ,  14.50 ,  14.10 ,  14.25 ,""  77,500.00 """
"DABUR24MAY560CE,DABUR,CE,07/May/2024 10:18,  14.25 ,  14.70 ,  14.25 ,  14.70 ,""  26,250.00 """
"DABUR24MAY560CE,DABUR,CE,07/May/2024 10:19,  14.70 ,  16.40 ,  14.55 ,  16.40 ,""  246,250.00 """
"DABUR24MAY560CE,DABUR,CE,07/May/2024 10:20,  16.30 ,  17.25 ,  14.60 ,  14.85 ,""  636,250.00 """
"DABUR24MAY560CE,DABUR,CE,07/May/2024 10:21,  14.85 ,  14.95 ,  13.85 ,  14.50 ,""  182,500.00 """
"DABUR24MAY560CE,DABUR,CE,07/May/2024 10:22,  14.50 ,  15.65 ,  14.25 ,  14.45 ,""  95,000.00 """
"DABUR24MAY560CE,DABUR,CE,07/May/2024 10:23,  14.45 ,  15.20 ,  14.45 ,  14.95 ,""  98,750.00 """
"DABUR24MAY560CE,DABUR,CE,07/May/2024 10:24,  15.00 ,  15.10 ,  14.70 ,  15.00 ,""  58,750.00 """
"DABUR24MAY560CE,DABUR,CE,07/May/2024 10:25,  15.00 ,  15.10 ,  14.35 ,  14.35 ,""  37,500.00 """
"DABUR24MAY560CE,DABUR,CE,07/May/2024 10:26,  14.35 ,  14.45 ,  14.00 ,  14.30 ,""  57,500.00 """
"DABUR24MAY560CE,DABUR,CE,07/May/2024 10:27,  14.30 ,  15.10 ,  14.30 ,  14.85 ,""  47,500.00 """
"DABUR24MAY560CE,DABUR,CE,07/May/2024 10:28,  14.85 ,  15.00 ,  14.65 ,  14.70 ,""  17,500.00 """
"DABUR24MAY560CE,DABUR,CE,07/May/2024 10:29,  14.70 ,  14.90 ,  14.40 ,  14.90 ,""  32,500.00 """
"DABUR24MAY560CE,DABUR,CE,07/May/2024 10:30,  15.15 ,  15.40 ,  15.15 ,  15.30 ,""  41,250.00 """
"DABUR24MAY560CE,DABUR,CE,07/May/2024 10:31,  15.35 ,  15.65 ,  15.25 ,  15.35 ,""  90,000.00 """
"DABUR24MAY560CE,DABUR,CE,07/May/2024 10:32,  15.35 ,  15.65 ,  15.10 ,  15.30 ,""  18,750.00 """
"DABUR24MAY560CE,DABUR,CE,07/May/2024 10:33,  15.30 ,  15.60 ,  15.20 ,  15.45 ,""  31,250.00 """
"DABUR24MAY560CE,DABUR,CE,07/May/2024 10:34,  15.45 ,  15.50 ,  14.95 ,  15.05 ,""  41,250.00 """
"DABUR24MAY560CE,DABUR,CE,07/May/2024 10:35,  15.05 ,  15.45 ,  14.90 ,  15.45 ,""  52,500.00 """
"DABUR24MAY560CE,DABUR,CE,07/May/2024 10:36,  15.45 ,  15.45 ,  14.15 ,  14.25 ,""  78,750.00 """
"DABUR24MAY560CE,DABUR,CE,07/May/2024 10:37,  14.25 ,  14.60 ,  14.25 ,  14.45 ,""  61,250.00 """
"DABUR24MAY560CE,DABUR,CE,07/May/2024 10:38,  14.45 ,  14.75 ,  14.45 ,  14.70 ,""  25,000.00 """
"DABUR24MAY560CE,DABUR,CE,07/May/2024 10:39,  14.70 ,  14.80 ,  14.30 ,  14.30 ,""  20,000.00 """
"DABUR24MAY560CE,DABUR,CE,07/May/2024 10:40,  14.40 ,  14.60 ,  14.30 ,  14.60 ,""  21,250.00 """
"DABUR24MAY560CE,DABUR,CE,07/May/2024 10:41,  14.60 ,  14.70 ,  14.55 ,  14.70 ,""  27,500.00 """
"DABUR24MAY560CE,DABUR,CE,07/May/2024 10:42,  14.70 ,  15.20 ,  14.65 ,  15.00 ,""  36,250.00 """
"DABUR24MAY560CE,DABUR,CE,07/May/2024 10:43,  15.00 ,  16.45 ,  15.00 ,  16.30 ,""  166,250.00 """
"DABUR24MAY560CE,DABUR,CE,07/May/2024 10:44,  16.30 ,  16.45 ,  16.10 ,  16.30 ,""  78,750.00 """
"DABUR24MAY560CE,DABUR,CE,07/May/2024 10:45,  16.30 ,  17.30 ,  16.30 ,  17.10 ,""  221,250.00 """
"DABUR24MAY560CE,DABUR,CE,07/May/2024 10:46,  17.10 ,  17.10 ,  16.45 ,  16.65 ,""  143,750.00 """
"DABUR24MAY560CE,DABUR,CE,07/May/2024 10:47,  16.65 ,  16.85 ,  16.60 ,  16.65 ,""  72,500.00 """
"DABUR24MAY560CE,DABUR,CE,07/May/2024 10:48,  16.65 ,  17.60 ,  16.60 ,  17.60 ,""  151,250.00 """
"DABUR24MAY560CE,DABUR,CE,07/May/2024 10:49,  17.60 ,  17.60 ,  16.85 ,  17.20 ,""  176,250.00 """
"DABUR24MAY560CE,DABUR,CE,07/May/2024 10:50,  17.30 ,  17.40 ,  17.10 ,  17.15 ,""  80,000.00 """
"DABUR24MAY560CE,DABUR,CE,07/May/2024 10:51,  17.15 ,  17.25 ,  16.45 ,  16.65 ,""  75,000.00 """
"DABUR24MAY560CE,DABUR,CE,07/May/2024 10:52,  16.65 ,  16.75 ,  16.40 ,  16.70 ,""  86,250.00 """
"DABUR24MAY560CE,DABUR,CE,07/May/2024 10:53,  16.70 ,  17.00 ,  16.55 ,  17.00 ,""  22,500.00 """
"DABUR24MAY560CE,DABUR,CE,07/May/2024 10:54,  17.00 ,  17.10 ,  16.85 ,  16.85 ,""  36,250.00 """
"DABUR24MAY560CE,DABUR,CE,07/May/2024 10:55,  16.85 ,  17.10 ,  16.20 ,  16.40 ,""  182,500.00 """
"DABUR24MAY560CE,DABUR,CE,07/May/2024 10:56,  16.40 ,  17.00 ,  16.40 ,  17.00 ,""  15,000.00 """
"DABUR24MAY560CE,DABUR,CE,07/May/2024 10:57,  16.85 ,  17.15 ,  16.85 ,  17.10 ,""  111,250.00 """
"DABUR24MAY560CE,DABUR,CE,07/May/2024 10:58,  17.10 ,  17.35 ,  16.85 ,  17.25 ,""  85,000.00 """
"DABUR24MAY560CE,DABUR,CE,07/May/2024 10:59,  17.25 ,  17.65 ,  17.05 ,  17.50 ,""  300,000.00 """
"DABUR24MAY560CE,DABUR,CE,07/May/2024 11:00,  17.50 ,  18.20 ,  17.45 ,  18.05 ,""  146,250.00 """
"DABUR24MAY560CE,DABUR,CE,07/May/2024 11:01,  18.05 ,  18.25 ,  17.15 ,  17.55 ,""  390,000.00 """
"DABUR24MAY560CE,DABUR,CE,07/May/2024 11:02,  17.55 ,  17.80 ,  17.55 ,  17.65 ,""  52,500.00 """
"DABUR24MAY560CE,DABUR,CE,07/May/2024 11:03,  17.65 ,  17.90 ,  17.30 ,  17.85 ,""  50,000.00 """
"DABUR24MAY560CE,DABUR,CE,07/May/2024 11:04,  17.85 ,  17.85 ,  17.20 ,  17.40 ,""  58,750.00 """
"DABUR24MAY560CE,DABUR,CE,07/May/2024 11:05,  17.40 ,  17.50 ,  17.15 ,  17.50 ,""  45,000.00 """
"DABUR24MAY560CE,DABUR,CE,07/May/2024 11:06,  17.60 ,  17.90 ,  17.60 ,  17.65 ,""  36,250.00 """
"DABUR24MAY560CE,DABUR,CE,07/May/2024 11:07,  17.65 ,  17.75 ,  17.30 ,  17.50 ,""  27,500.00 """
"DABUR24MAY560CE,DABUR,CE,07/May/2024 11:08,  17.50 ,  17.60 ,  17.30 ,  17.30 ,""  36,250.00 """
"DABUR24MAY560CE,DABUR,CE,07/May/2024 11:09,  17.30 ,  17.55 ,  17.25 ,  17.40 ,""  46,250.00 """
"DABUR24MAY560CE,DABUR,CE,07/May/2024 11:10,  17.45 ,  17.70 ,  16.90 ,  16.90 ,""  52,500.00 """
"DABUR24MAY560CE,DABUR,CE,07/May/2024 11:11,  16.90 ,  17.00 ,  16.65 ,  16.70 ,""  65,000.00 """
"DABUR24MAY560CE,DABUR,CE,07/May/2024 11:12,  16.70 ,  17.20 ,  16.45 ,  17.20 ,""  56,250.00 """
"DABUR24MAY560CE,DABUR,CE,07/May/2024 11:13,  17.20 ,  17.50 ,  16.95 ,  17.10 ,""  35,000.00 """
"DABUR24MAY560CE,DABUR,CE,07/May/2024 11:14,  16.90 ,  17.10 ,  16.75 ,  16.85 ,""  22,500.00 """
"DABUR24MAY560CE,DABUR,CE,07/May/2024 11:15,  16.85 ,  16.90 ,  16.80 ,  16.90 ,""  16,250.00 """
"DABUR24MAY560CE,DABUR,CE,07/May/2024 11:16,  16.90 ,  17.70 ,  16.75 ,  17.35 ,""  40,000.00 """
"DABUR24MAY560CE,DABUR,CE,07/May/2024 11:17,  17.35 ,  17.60 ,  17.25 ,  17.35 ,""  17,500.00 """
"DABUR24MAY560CE,DABUR,CE,07/May/2024 11:18,  17.35 ,  17.60 ,  17.30 ,  17.30 ,""  47,500.00 """
"DABUR24MAY560CE,DABUR,CE,07/May/2024 11:19,  17.30 ,  17.40 ,  17.00 ,  17.35 ,""  27,500.00 """
"DABUR24MAY560CE,DABUR,CE,07/May/2024 11:20,  17.35 ,  17.60 ,  17.30 ,  17.35 ,""  23,750.00 """
"DABUR24MAY560CE,DABUR,CE,07/May/2024 11:21,  17.35 ,  17.55 ,  17.20 ,  17.20 ,""  16,250.00 """
"DABUR24MAY560CE,DABUR,CE,07/May/2024 11:22,  17.20 ,  17.35 ,  17.20 ,  17.25 ,""  26,250.00 """
"DABUR24MAY560CE,DABUR,CE,07/May/2024 11:23,  17.25 ,  17.25 ,  16.65 ,  16.80 ,""  20,000.00 """
"DABUR24MAY560CE,DABUR,CE,07/May/2024 11:24,  16.80 ,  16.80 ,  16.20 ,  16.25 ,""  43,750.00 """
"DABUR24MAY560CE,DABUR,CE,07/May/2024 11:25,  16.25 ,  16.40 ,  15.60 ,  15.80 ,""  46,250.00 """
"DABUR24MAY560CE,DABUR,CE,07/May/2024 11:26,  15.80 ,  16.10 ,  15.80 ,  15.95 ,""  52,500.00 """
"DABUR24MAY560CE,DABUR,CE,07/May/2024 11:27,  15.95 ,  16.20 ,  15.95 ,  16.20 ,""  20,000.00 """
"DABUR24MAY560CE,DABUR,CE,07/May/2024 11:28,  16.00 ,  16.20 ,  15.75 ,  15.85 ,""  38,750.00 """
"DABUR24MAY560CE,DABUR,CE,07/May/2024 11:29,  15.85 ,  16.80 ,  15.85 ,  16.80 ,""  20,000.00 """
"DABUR24MAY560CE,DABUR,CE,07/May/2024 11:30,  16.80 ,  16.80 ,  16.60 ,  16.60 ,""  7,500.00 """
"DABUR24MAY560CE,DABUR,CE,07/May/2024 11:31,  16.60 ,  16.60 ,  16.40 ,  16.40 ,""  15,000.00 """
"DABUR24MAY560CE,DABUR,CE,07/May/2024 11:32,  16.40 ,  16.55 ,  15.95 ,  16.55 ,""  17,500.00 """
"DABUR24MAY560CE,DABUR,CE,07/May/2024 11:33,  16.55 ,  16.55 ,  16.30 ,  16.30 ,""  15,000.00 """
"DABUR24MAY560CE,DABUR,CE,07/May/2024 11:34,  16.30 ,  16.40 ,  16.10 ,  16.15 ,""  23,750.00 """
"DABUR24MAY560CE,DABUR,CE,07/May/2024 11:35,  16.15 ,  16.35 ,  16.15 ,  16.25 ,""  13,750.00 """
"DABUR24MAY560CE,DABUR,CE,07/May/2024 11:36,  16.05 ,  16.10 ,  15.80 ,  16.10 ,""  25,000.00 """
"DABUR24MAY560CE,DABUR,CE,07/May/2024 11:37,  16.10 ,  16.10 ,  15.10 ,  15.10 ,""  36,250.00 """
"DABUR24MAY560CE,DABUR,CE,07/May/2024 11:38,  15.10 ,  15.30 ,  15.00 ,  15.00 ,""  33,750.00 """
"DABUR24MAY560CE,DABUR,CE,07/May/2024 11:39,  15.05 ,  15.50 ,  14.90 ,  15.50 ,""  12,500.00 """
"DABUR24MAY560CE,DABUR,CE,07/May/2024 11:40,  15.50 ,  15.65 ,  15.35 ,  15.50 ,""  48,750.00 """
"DABUR24MAY560CE,DABUR,CE,07/May/2024 11:41,  15.50 ,  15.55 ,  15.40 ,  15.55 ,""  2,500.00 """
"DABUR24MAY560CE,DABUR,CE,07/May/2024 11:42,  15.55 ,  16.20 ,  15.55 ,  16.20 ,""  13,750.00 """
"DABUR24MAY560CE,DABUR,CE,07/May/2024 11:43,  16.20 ,  16.40 ,  15.65 ,  15.65 ,""  13,750.00 """
"DABUR24MAY560CE,DABUR,CE,07/May/2024 11:44,  15.65 ,  15.85 ,  15.55 ,  15.65 ,""  21,250.00 """
"DABUR24MAY560CE,DABUR,CE,07/May/2024 11:45,  15.65 ,  15.70 ,  15.20 ,  15.45 ,""  21,250.00 """
"DABUR24MAY560CE,DABUR,CE,07/May/2024 11:46,  15.45 ,  16.00 ,  15.40 ,  15.65 ,""  37,500.00 """
"DABUR24MAY560CE,DABUR,CE,07/May/2024 11:47,  15.65 ,  16.20 ,  15.65 ,  16.20 ,""  25,000.00 """
"DABUR24MAY560CE,DABUR,CE,07/May/2024 11:48,  16.20 ,  16.25 ,  16.00 ,  16.25 ,""  16,250.00 """
"DABUR24MAY560CE,DABUR,CE,07/May/2024 11:49,  16.30 ,  16.50 ,  16.30 ,  16.50 ,""  41,250.00 """
"DABUR24MAY560CE,DABUR,CE,07/May/2024 11:50,  16.50 ,  16.50 ,  16.10 ,  16.15 ,""  16,250.00 """
"DABUR24MAY560CE,DABUR,CE,07/May/2024 11:51,  16.15 ,  16.15 ,  15.65 ,  15.65 ,""  25,000.00 """
"DABUR24MAY560CE,DABUR,CE,07/May/2024 11:52,  15.50 ,  15.65 ,  15.35 ,  15.65 ,""  16,250.00 """
"DABUR24MAY560CE,DABUR,CE,07/May/2024 11:53,  15.65 ,  15.90 ,  15.65 ,  15.85 ,""  15,000.00 """
"DABUR24MAY560CE,DABUR,CE,07/May/2024 11:54,  15.85 ,  16.20 ,  15.85 ,  16.00 ,""  7,500.00 """
"DABUR24MAY560CE,DABUR,CE,07/May/2024 11:55,  16.00 ,  16.10 ,  16.00 ,  16.00 ,""  7,500.00 """
"DABUR24MAY560CE,DABUR,CE,07/May/2024 11:56,  16.00 ,  16.00 ,  15.75 ,  15.75 ,""  10,000.00 """
"DABUR24MAY560CE,DABUR,CE,07/May/2024 11:57,  15.75 ,  16.55 ,  15.75 ,  16.45 ,""  13,750.00 """
"DABUR24MAY560CE,DABUR,CE,07/May/2024 11:58,  16.45 ,  17.40 ,  16.45 ,  16.80 ,""  55,000.00 """
"DABUR24MAY560CE,DABUR,CE,07/May/2024 11:59,  16.80 ,  16.80 ,  16.30 ,  16.40 ,""  46,250.00 """
"DABUR24MAY560CE,DABUR,CE,07/May/2024 12:00,  16.55 ,  16.65 ,  16.55 ,  16.60 ,""  11,250.00 """
"DABUR24MAY560CE,DABUR,CE,07/May/2024 12:01,  16.50 ,  16.65 ,  16.45 ,  16.55 ,""  21,250.00 """
"DABUR24MAY560CE,DABUR,CE,07/May/2024 12:02,  16.55 ,  17.10 ,  16.55 ,  16.65 ,""  8,750.00 """
"DABUR24MAY560CE,DABUR,CE,07/May/2024 12:03,  16.65 ,  16.65 ,  16.10 ,  16.50 ,""  23,750.00 """
"DABUR24MAY560CE,DABUR,CE,07/May/2024 12:04,  16.50 ,  17.00 ,  16.50 ,  17.00 ,""  5,000.00 """
"DABUR24MAY560CE,DABUR,CE,07/May/2024 12:05,  17.00 ,  17.25 ,  17.00 ,  17.25 ,""  36,250.00 """
"DABUR24MAY560CE,DABUR,CE,07/May/2024 12:06,  17.25 ,  17.35 ,  17.05 ,  17.15 ,""  8,750.00 """
"DABUR24MAY560CE,DABUR,CE,07/May/2024 12:07,  17.15 ,  17.20 ,  17.10 ,  17.10 ,""  21,250.00 """
"DABUR24MAY560CE,DABUR,CE,07/May/2024 12:08,  17.10 ,  17.30 ,  16.90 ,  16.90 ,""  18,750.00 """
"DABUR24MAY560CE,DABUR,CE,07/May/2024 12:09,  16.90 ,  17.20 ,  16.90 ,  17.20 ,""  15,000.00 """
"DABUR24MAY560CE,DABUR,CE,07/May/2024 12:10,  17.20 ,  17.25 ,  17.10 ,  17.25 ,""  15,000.00 """
"DABUR24MAY560CE,DABUR,CE,07/May/2024 12:11,  17.25 ,  17.25 ,  17.00 ,  17.10 ,""  11,250.00 """
"DABUR24MAY560CE,DABUR,CE,07/May/2024 12:12,  17.10 ,  17.20 ,  17.10 ,  17.10 ,""  11,250.00 """
"DABUR24MAY560CE,DABUR,CE,07/May/2024 12:13,  17.20 ,  17.20 ,  16.85 ,  16.85 ,""  36,250.00 """
"DABUR24MAY560CE,DABUR,CE,07/May/2024 12:14,  16.85 ,  16.85 ,  16.50 ,  16.50 ,""  20,000.00 """
"DABUR24MAY560CE,DABUR,CE,07/May/2024 12:15,  16.50 ,  16.70 ,  16.50 ,  16.65 ,""  8,750.00 """
"DABUR24MAY560CE,DABUR,CE,07/May/2024 12:16,  16.65 ,  16.80 ,  16.65 ,  16.75 ,""  27,500.00 """
"DABUR24MAY560CE,DABUR,CE,07/May/2024 12:17,  16.75 ,  16.85 ,  16.75 ,  16.85 ,""  3,750.00 """
"DABUR24MAY560CE,DABUR,CE,07/May/2024 12:18,  16.90 ,  16.90 ,  16.90 ,  16.90 ,""  1,250.00 """
"DABUR24MAY560CE,DABUR,CE,07/May/2024 12:19,  16.90 ,  16.90 ,  16.75 ,  16.75 ,""  3,750.00 """
"DABUR24MAY560CE,DABUR,CE,07/May/2024 12:20,  16.75 ,  17.20 ,  16.60 ,  17.20 ,""  10,000.00 """
"DABUR24MAY560CE,DABUR,CE,07/May/2024 12:21,  17.20 ,  17.20 ,  16.65 ,  16.65 ,""  21,250.00 """
"DABUR24MAY560CE,DABUR,CE,07/May/2024 12:22,  16.65 ,  16.80 ,  16.50 ,  16.65 ,""  10,000.00 """
"DABUR24MAY560CE,DABUR,CE,07/May/2024 12:23,  16.65 ,  16.85 ,  16.65 ,  16.80 ,""  7,500.00 """
"DABUR24MAY560CE,DABUR,CE,07/May/2024 12:24,  16.80 ,  16.95 ,  16.70 ,  16.95 ,""  1,250.00 """
"DABUR24MAY560CE,DABUR,CE,07/May/2024 12:25,  16.95 ,  16.95 ,  16.65 ,  16.65 ,""  2,500.00 """
"DABUR24MAY560CE,DABUR,CE,07/May/2024 12:26,  16.65 ,  16.70 ,  16.65 ,  16.65 ,""  2,500.00 """
"DABUR24MAY560CE,DABUR,CE,07/May/2024 12:27,  16.65 ,  16.85 ,  16.65 ,  16.85 ,""  8,750.00 """
"DABUR24MAY560CE,DABUR,CE,07/May/2024 12:28,  16.85 ,  17.00 ,  16.80 ,  17.00 ,""  7,500.00 """
"DABUR24MAY560CE,DABUR,CE,07/May/2024 12:29,  17.00 ,  17.25 ,  17.00 ,  17.20 ,""  13,750.00 """
"DABUR24MAY560CE,DABUR,CE,07/May/2024 12:30,  17.20 ,  17.40 ,  17.00 ,  17.00 ,""  50,000.00 """
"DABUR24MAY560CE,DABUR,CE,07/May/2024 12:31,  17.00 ,  17.00 ,  16.95 ,  16.95 ,""  1,250.00 """
"DABUR24MAY560CE,DABUR,CE,07/May/2024 12:32,  16.95 ,  17.10 ,  16.55 ,  16.80 ,""  20,000.00 """
"DABUR24MAY560CE,DABUR,CE,07/May/2024 12:33,  16.80 ,  16.90 ,  16.80 ,  16.90 ,""  6,250.00 """
"DABUR24MAY560CE,DABUR,CE,07/May/2024 12:34,  16.90 ,  16.90 ,  16.45 ,  16.65 ,""  12,500.00 """
"DABUR24MAY560CE,DABUR,CE,07/May/2024 12:35,  16.65 ,  16.80 ,  16.60 ,  16.80 ,""  10,000.00 """
"DABUR24MAY560CE,DABUR,CE,07/May/2024 12:36,  16.80 ,  17.10 ,  16.80 ,  16.95 ,""  30,000.00 """
"DABUR24MAY560CE,DABUR,CE,07/May/2024 12:37,  17.05 ,  17.20 ,  17.05 ,  17.10 ,""  21,250.00 """
"DABUR24MAY560CE,DABUR,CE,07/May/2024 12:38,  17.05 ,  17.25 ,  17.00 ,  17.25 ,""  26,250.00 """
"DABUR24MAY560CE,DABUR,CE,07/May/2024 12:39,  17.25 ,  17.30 ,  17.05 ,  17.05 ,""  7,500.00 """
"DABUR24MAY560CE,DABUR,CE,07/May/2024 12:40,  17.05 ,  17.15 ,  16.90 ,  16.90 ,""  6,250.00 """
"DABUR24MAY560CE,DABUR,CE,07/May/2024 12:41,  16.90 ,  17.05 ,  16.85 ,  17.00 ,""  13,750.00 """
"DABUR24MAY560CE,DABUR,CE,07/May/2024 12:42,  17.00 ,  17.15 ,  17.00 ,  17.05 ,""  6,250.00 """
"DABUR24MAY560CE,DABUR,CE,07/May/2024 12:43,  17.05 ,  17.10 ,  16.85 ,  16.85 ,""  12,500.00 """
"DABUR24MAY560CE,DABUR,CE,07/May/2024 12:44,  16.85 ,  16.85 ,  16.65 ,  16.65 ,""  2,500.00 """
"DABUR24MAY560CE,DABUR,CE,07/May/2024 12:45,  16.65 ,  16.90 ,  16.65 ,  16.90 ,""  3,750.00 """
"DABUR24MAY560CE,DABUR,CE,07/May/2024 12:46,  16.90 ,  16.90 ,  16.80 ,  16.80 ,""  11,250.00 """
"DABUR24MAY560CE,DABUR,CE,07/May/2024 12:47,  16.80 ,  17.00 ,  16.80 ,  17.00 ,""  5,000.00 """
"DABUR24MAY560CE,DABUR,CE,07/May/2024 12:48,  17.00 ,  17.10 ,  17.00 ,  17.10 ,""  1,250.00 """
"DABUR24MAY560CE,DABUR,CE,07/May/2024 12:49,  17.00 ,  17.00 ,  17.00 ,  17.00 ,""  3,750.00 """
"DABUR24MAY560CE,DABUR,CE,07/May/2024 12:50,  17.00 ,  17.80 ,  17.00 ,  17.80 ,""  15,000.00 """
"DABUR24MAY560CE,DABUR,CE,07/May/2024 12:51,  17.85 ,  17.95 ,  17.20 ,  17.20 ,""  72,500.00 """
"DABUR24MAY560CE,DABUR,CE,07/May/2024 12:52,  17.20 ,  17.40 ,  17.00 ,  17.40 ,""  20,000.00 """
"DABUR24MAY560CE,DABUR,CE,07/May/2024 12:53,  17.40 ,  17.85 ,  17.35 ,  17.85 ,""  20,000.00 """
"DABUR24MAY560CE,DABUR,CE,07/May/2024 12:54,  17.85 ,  18.10 ,  17.70 ,  18.10 ,""  35,000.00 """
"DABUR24MAY560CE,DABUR,CE,07/May/2024 12:55,  17.95 ,  18.05 ,  17.75 ,  18.05 ,""  42,500.00 """
"DABUR24MAY560CE,DABUR,CE,07/May/2024 12:56,  18.05 ,  18.45 ,  18.05 ,  18.40 ,""  45,000.00 """
"DABUR24MAY560CE,DABUR,CE,07/May/2024 12:57,  18.45 ,  18.90 ,  18.25 ,  18.90 ,""  82,500.00 """
"DABUR24MAY560CE,DABUR,CE,07/May/2024 12:58,  18.90 ,  19.25 ,  18.60 ,  19.25 ,""  202,500.00 """
"DABUR24MAY560CE,DABUR,CE,07/May/2024 12:59,  19.25 ,  19.40 ,  18.95 ,  19.10 ,""  56,250.00 """
"DABUR24MAY560CE,DABUR,CE,07/May/2024 13:00,  19.15 ,  19.20 ,  18.60 ,  18.60 ,""  35,000.00 """
"DABUR24MAY560CE,DABUR,CE,07/May/2024 13:01,  18.60 ,  18.60 ,  18.20 ,  18.60 ,""  37,500.00 """
"DABUR24MAY560CE,DABUR,CE,07/May/2024 13:02,  18.60 ,  18.90 ,  18.60 ,  18.85 ,""  16,250.00 """
"DABUR24MAY560CE,DABUR,CE,07/May/2024 13:03,  18.85 ,  18.95 ,  18.45 ,  18.45 ,""  15,000.00 """
"DABUR24MAY560CE,DABUR,CE,07/May/2024 13:04,  18.45 ,  18.70 ,  18.20 ,  18.60 ,""  23,750.00 """
"DABUR24MAY560CE,DABUR,CE,07/May/2024 13:05,  18.60 ,  18.60 ,  18.35 ,  18.50 ,""  7,500.00 """
"DABUR24MAY560CE,DABUR,CE,07/May/2024 13:06,  18.50 ,  18.50 ,  18.30 ,  18.40 ,""  10,000.00 """
"DABUR24MAY560CE,DABUR,CE,07/May/2024 13:07,  18.40 ,  18.40 ,  18.00 ,  18.00 ,""  22,500.00 """
"DABUR24MAY560CE,DABUR,CE,07/May/2024 13:08,  18.00 ,  18.00 ,  17.75 ,  17.90 ,""  52,500.00 """
"DABUR24MAY560CE,DABUR,CE,07/May/2024 13:09,  17.90 ,  17.90 ,  17.65 ,  17.70 ,""  11,250.00 """
"DABUR24MAY560CE,DABUR,CE,07/May/2024 13:10,  17.70 ,  17.85 ,  17.55 ,  17.85 ,""  11,250.00 """
"DABUR24MAY560CE,DABUR,CE,07/May/2024 13:11,  17.85 ,  18.25 ,  17.85 ,  18.00 ,""  11,250.00 """
"DABUR24MAY560CE,DABUR,CE,07/May/2024 13:12,  18.00 ,  18.30 ,  18.00 ,  18.25 ,""  7,500.00 """
"DABUR24MAY560CE,DABUR,CE,07/May/2024 13:13,  18.25 ,  18.25 ,  18.00 ,  18.00 ,""  15,000.00 """
"DABUR24MAY560CE,DABUR,CE,07/May/2024 13:14,  18.00 ,  18.20 ,  18.00 ,  18.20 ,""  8,750.00 """
"DABUR24MAY560CE,DABUR,CE,07/May/2024 13:15,  18.20 ,  18.30 ,  18.15 ,  18.30 ,""  2,500.00 """
"DABUR24MAY560CE,DABUR,CE,07/May/2024 13:16,  18.30 ,  18.80 ,  18.30 ,  18.55 ,""  31,250.00 """
"DABUR24MAY560CE,DABUR,CE,07/May/2024 13:17,  18.55 ,  19.20 ,  18.55 ,  19.20 ,""  72,500.00 """
"DABUR24MAY560CE,DABUR,CE,07/May/2024 13:18,  19.20 ,  19.20 ,  18.60 ,  18.70 ,""  21,250.00 """
"DABUR24MAY560CE,DABUR,CE,07/May/2024 13:19,  18.70 ,  18.70 ,  18.65 ,  18.65 ,""  1,250.00 """
"DABUR24MAY560CE,DABUR,CE,07/May/2024 13:20,  18.65 ,  18.65 ,  18.45 ,  18.45 ,""  7,500.00 """
"DABUR24MAY560CE,DABUR,CE,07/May/2024 13:21,  18.40 ,  18.75 ,  18.40 ,  18.60 ,""  23,750.00 """
"DABUR24MAY560CE,DABUR,CE,07/May/2024 13:22,  18.60 ,  18.60 ,  18.25 ,  18.30 ,""  11,250.00 """
"DABUR24MAY560CE,DABUR,CE,07/May/2024 13:23,  18.30 ,  18.70 ,  18.20 ,  18.70 ,""  38,750.00 """
"DABUR24MAY560CE,DABUR,CE,07/May/2024 13:24,  18.70 ,  18.70 ,  18.45 ,  18.45 ,""  11,250.00 """
"DABUR24MAY560CE,DABUR,CE,07/May/2024 13:25,  18.45 ,  18.50 ,  18.40 ,  18.40 ,""  10,000.00 """
"DABUR24MAY560CE,DABUR,CE,07/May/2024 13:26,  18.40 ,  18.65 ,  18.35 ,  18.50 ,""  16,250.00 """
"DABUR24MAY560CE,DABUR,CE,07/May/2024 13:27,  18.50 ,  19.00 ,  18.50 ,  18.85 ,""  16,250.00 """
"DABUR24MAY560CE,DABUR,CE,07/May/2024 13:28,  18.85 ,  19.00 ,  18.85 ,  19.00 ,""  13,750.00 """
"DABUR24MAY560CE,DABUR,CE,07/May/2024 13:29,  19.00 ,  19.15 ,  18.80 ,  19.00 ,""  23,750.00 """
"DABUR24MAY560CE,DABUR,CE,07/May/2024 13:30,  19.00 ,  19.00 ,  18.75 ,  18.75 ,""  6,250.00 """
"DABUR24MAY560CE,DABUR,CE,07/May/2024 13:31,  18.75 ,  18.75 ,  18.20 ,  18.20 ,""  17,500.00 """
"DABUR24MAY560CE,DABUR,CE,07/May/2024 13:32,  18.20 ,  18.20 ,  18.15 ,  18.15 ,""  2,500.00 """
"DABUR24MAY560CE,DABUR,CE,07/May/2024 13:33,  18.15 ,  18.15 ,  17.80 ,  18.00 ,""  30,000.00 """
"DABUR24MAY560CE,DABUR,CE,07/May/2024 13:34,  18.00 ,  18.10 ,  18.00 ,  18.05 ,""  6,250.00 """
"DABUR24MAY560CE,DABUR,CE,07/May/2024 13:35,  18.05 ,  18.05 ,  17.60 ,  17.65 ,""  13,750.00 """
"DABUR24MAY560CE,DABUR,CE,07/May/2024 13:36,  17.65 ,  17.65 ,  17.45 ,  17.45 ,""  15,000.00 """
"DABUR24MAY560CE,DABUR,CE,07/May/2024 13:37,  17.45 ,  17.45 ,  16.75 ,  16.75 ,""  18,750.00 """
"DABUR24MAY560CE,DABUR,CE,07/May/2024 13:38,  16.75 ,  16.85 ,  16.65 ,  16.70 ,""  21,250.00 """
"DABUR24MAY560CE,DABUR,CE,07/May/2024 13:39,  16.70 ,  17.00 ,  16.65 ,  16.85 ,""  30,000.00 """
"DABUR24MAY560CE,DABUR,CE,07/May/2024 13:40,  16.85 ,  16.85 ,  16.45 ,  16.45 ,""  8,750.00 """
"DABUR24MAY560CE,DABUR,CE,07/May/2024 13:41,  16.45 ,  16.55 ,  16.30 ,  16.30 ,""  22,500.00 """
"DABUR24MAY560CE,DABUR,CE,07/May/2024 13:42,  16.25 ,  16.50 ,  16.25 ,  16.50 ,""  17,500.00 """
"DABUR24MAY560CE,DABUR,CE,07/May/2024 13:43,  16.50 ,  16.50 ,  16.40 ,  16.45 ,""  5,000.00 """
"DABUR24MAY560CE,DABUR,CE,07/May/2024 13:44,  16.45 ,  16.45 ,  16.40 ,  16.40 ,""  8,750.00 """
"DABUR24MAY560CE,DABUR,CE,07/May/2024 13:45,  16.40 ,  16.40 ,  16.25 ,  16.35 ,""  11,250.00 """
"DABUR24MAY560CE,DABUR,CE,07/May/2024 13:46,  16.30 ,  16.40 ,  16.20 ,  16.35 ,""  13,750.00 """
"DABUR24MAY560CE,DABUR,CE,07/May/2024 13:47,  16.35 ,  16.60 ,  15.65 ,  15.95 ,""  47,500.00 """
"DABUR24MAY560CE,DABUR,CE,07/May/2024 13:48,  15.95 ,  15.95 ,  15.75 ,  15.95 ,""  8,750.00 """
"DABUR24MAY560CE,DABUR,CE,07/May/2024 13:49,  15.95 ,  16.00 ,  15.70 ,  15.90 ,""  26,250.00 """
"DABUR24MAY560CE,DABUR,CE,07/May/2024 13:50,  15.90 ,  15.90 ,  15.50 ,  15.60 ,""  22,500.00 """
"DABUR24MAY560CE,DABUR,CE,07/May/2024 13:51,  15.60 ,  15.65 ,  15.50 ,  15.60 ,""  17,500.00 """
"DABUR24MAY560CE,DABUR,CE,07/May/2024 13:52,  15.60 ,  15.95 ,  15.55 ,  15.80 ,""  8,750.00 """
"DABUR24MAY560CE,DABUR,CE,07/May/2024 13:53,  15.80 ,  15.95 ,  15.80 ,  15.95 ,""  16,250.00 """
"DABUR24MAY560CE,DABUR,CE,07/May/2024 13:54,  15.95 ,  16.20 ,  15.85 ,  15.85 ,""  16,250.00 """
"DABUR24MAY560CE,DABUR,CE,07/May/2024 13:55,  15.85 ,  15.85 ,  15.65 ,  15.70 ,""  7,500.00 """
"DABUR24MAY560CE,DABUR,CE,07/May/2024 13:56,  15.70 ,  16.10 ,  15.60 ,  16.10 ,""  20,000.00 """
"DABUR24MAY560CE,DABUR,CE,07/May/2024 13:57,  16.10 ,  16.15 ,  16.00 ,  16.00 ,""  15,000.00 """
"DABUR24MAY560CE,DABUR,CE,07/May/2024 13:58,  16.00 ,  16.00 ,  15.90 ,  15.90 ,""  6,250.00 """
"DABUR24MAY560CE,DABUR,CE,07/May/2024 13:59,  15.90 ,  15.90 ,  15.80 ,  15.80 ,""  7,500.00 """
"DABUR24MAY560CE,DABUR,CE,07/May/2024 14:00,  15.90 ,  15.90 ,  15.75 ,  15.75 ,""  2,500.00 """
"DABUR24MAY560CE,DABUR,CE,07/May/2024 14:01,  15.75 ,  15.90 ,  15.75 ,  15.90 ,""  3,750.00 """
"DABUR24MAY560CE,DABUR,CE,07/May/2024 14:02,  15.90 ,  15.90 ,  15.75 ,  15.75 ,""  6,250.00 """
"DABUR24MAY560CE,DABUR,CE,07/May/2024 14:03,  15.75 ,  15.80 ,  15.75 ,  15.80 ,""  1,250.00 """
"DABUR24MAY560CE,DABUR,CE,07/May/2024 14:04,  15.80 ,  15.85 ,  15.75 ,  15.75 ,""  3,750.00 """
"DABUR24MAY560CE,DABUR,CE,07/May/2024 14:05,  15.75 ,  15.85 ,  15.75 ,  15.85 ,""  1,250.00 """
"DABUR24MAY560CE,DABUR,CE,07/May/2024 14:06,  15.85 ,  15.85 ,  15.70 ,  15.70 ,""  1,250.00 """
"DABUR24MAY560CE,DABUR,CE,07/May/2024 14:07,  15.70 ,  16.00 ,  15.70 ,  16.00 ,""  20,000.00 """
"DABUR24MAY560CE,DABUR,CE,07/May/2024 14:08,  16.00 ,  16.00 ,  15.95 ,  15.95 ,""  5,000.00 """
"DABUR24MAY560CE,DABUR,CE,07/May/2024 14:09,  15.95 ,  15.95 ,  15.95 ,  15.95 ,""  7,500.00 """
"DABUR24MAY560CE,DABUR,CE,07/May/2024 14:10,  15.95 ,  15.95 ,  15.85 ,  15.95 ,""  8,750.00 """
"DABUR24MAY560CE,DABUR,CE,07/May/2024 14:11,  15.95 ,  16.15 ,  15.95 ,  16.15 ,""  5,000.00 """
"DABUR24MAY560CE,DABUR,CE,07/May/2024 14:12,  16.15 ,  16.50 ,  16.15 ,  16.45 ,""  8,750.00 """
"DABUR24MAY560CE,DABUR,CE,07/May/2024 14:13,  16.45 ,  16.70 ,  16.45 ,  16.70 ,""  11,250.00 """
"DABUR24MAY560CE,DABUR,CE,07/May/2024 14:14,  16.70 ,  17.00 ,  16.70 ,  17.00 ,""  15,000.00 """
"DABUR24MAY560CE,DABUR,CE,07/May/2024 14:15,  17.10 ,  17.20 ,  17.00 ,  17.05 ,""  13,750.00 """
"DABUR24MAY560CE,DABUR,CE,07/May/2024 14:16,  17.05 ,  17.10 ,  16.85 ,  16.95 ,""  13,750.00 """
"DABUR24MAY560CE,DABUR,CE,07/May/2024 14:17,  16.95 ,  16.95 ,  16.20 ,  16.20 ,""  11,250.00 """
"DABUR24MAY560CE,DABUR,CE,07/May/2024 14:18,  16.20 ,  16.20 ,  16.10 ,  16.20 ,""  7,500.00 """
"DABUR24MAY560CE,DABUR,CE,07/May/2024 14:19,  16.20 ,  16.70 ,  16.10 ,  16.60 ,""  27,500.00 """
"DABUR24MAY560CE,DABUR,CE,07/May/2024 14:20,  16.60 ,  16.60 ,  16.35 ,  16.35 ,""  5,000.00 """
"DABUR24MAY560CE,DABUR,CE,07/May/2024 14:21,  16.35 ,  16.55 ,  16.35 ,  16.55 ,""  1,250.00 """
"DABUR24MAY560CE,DABUR,CE,07/May/2024 14:22,  16.55 ,  16.55 ,  16.45 ,  16.45 ,""  5,000.00 """
"DABUR24MAY560CE,DABUR,CE,07/May/2024 14:23,  16.45 ,  16.75 ,  16.45 ,  16.55 ,""  7,500.00 """
"DABUR24MAY560CE,DABUR,CE,07/May/2024 14:24,  16.55 ,  16.55 ,  15.65 ,  15.80 ,""  27,500.00 """
"DABUR24MAY560CE,DABUR,CE,07/May/2024 14:25,  15.80 ,  15.95 ,  15.75 ,  15.90 ,""  5,000.00 """
"DABUR24MAY560CE,DABUR,CE,07/May/2024 14:26,  15.90 ,  15.90 ,  15.65 ,  15.65 ,""  16,250.00 """
"DABUR24MAY560CE,DABUR,CE,07/May/2024 14:27,  15.65 ,  15.90 ,  15.65 ,  15.90 ,""  5,000.00 """
"DABUR24MAY560CE,DABUR,CE,07/May/2024 14:28,  15.90 ,  15.90 ,  15.75 ,  15.90 ,""  2,500.00 """
"DABUR24MAY560CE,DABUR,CE,07/May/2024 14:29,  15.90 ,  15.90 ,  15.80 ,  15.80 ,""  8,750.00 """
"DABUR24MAY560CE,DABUR,CE,07/May/2024 14:30,  15.70 ,  15.75 ,  15.65 ,  15.75 ,""  10,000.00 """
"DABUR24MAY560CE,DABUR,CE,07/May/2024 14:31,  15.75 ,  15.85 ,  15.75 ,  15.85 ,""  3,750.00 """
"DABUR24MAY560CE,DABUR,CE,07/May/2024 14:32,  15.85 ,  16.05 ,  15.85 ,  16.05 ,""  1,250.00 """
"DABUR24MAY560CE,DABUR,CE,07/May/2024 14:33,  16.05 ,  16.05 ,  16.00 ,  16.00 ,""  5,000.00 """
"DABUR24MAY560CE,DABUR,CE,07/May/2024 14:34,  16.00 ,  16.00 ,  15.90 ,  15.90 ,""  3,750.00 """
"DABUR24MAY560CE,DABUR,CE,07/May/2024 14:35,  15.90 ,  15.90 ,  15.90 ,  15.90 ,""  2,500.00 """
"DABUR24MAY560CE,DABUR,CE,07/May/2024 14:36,  15.90 ,  16.00 ,  15.70 ,  16.00 ,""  13,750.00 """
"DABUR24MAY560CE,DABUR,CE,07/May/2024 14:37,  16.00 ,  16.30 ,  16.00 ,  16.30 ,""  5,000.00 """
"DABUR24MAY560CE,DABUR,CE,07/May/2024 14:38,  16.30 ,  16.30 ,  16.25 ,  16.25 ,""  1,250.00 """
"DABUR24MAY560CE,DABUR,CE,07/May/2024 14:39,  16.25 ,  16.25 ,  16.00 ,  16.00 ,""  6,250.00 """
DABUR24MAY560CE,DABUR,CE,07/May/2024 14:40,  16.00 ,  16.00 ,  16.00 ,  16.00 ,  -   
"DABUR24MAY560CE,DABUR,CE,07/May/2024 14:41,  16.00 ,  16.20 ,  16.00 ,  16.20 ,""  2,500.00 """
DABUR24MAY560CE,DABUR,CE,07/May/2024 14:42,  16.20 ,  16.20 ,  16.15 ,  16.15 ,  -   
"DABUR24MAY560CE,DABUR,CE,07/May/2024 14:43,  16.15 ,  16.15 ,  15.95 ,  15.95 ,""  16,250.00 """
"DABUR24MAY560CE,DABUR,CE,07/May/2024 14:44,  15.95 ,  15.95 ,  15.70 ,  15.75 ,""  6,250.00 """
"DABUR24MAY560CE,DABUR,CE,07/May/2024 14:45,  15.75 ,  15.75 ,  15.50 ,  15.55 ,""  21,250.00 """
"DABUR24MAY560CE,DABUR,CE,07/May/2024 14:46,  15.55 ,  15.60 ,  14.70 ,  14.85 ,""  27,500.00 """
"DABUR24MAY560CE,DABUR,CE,07/May/2024 14:47,  14.85 ,  15.00 ,  14.70 ,  15.00 ,""  15,000.00 """
"DABUR24MAY560CE,DABUR,CE,07/May/2024 14:48,  15.00 ,  15.65 ,  14.85 ,  15.65 ,""  21,250.00 """
"DABUR24MAY560CE,DABUR,CE,07/May/2024 14:49,  15.65 ,  15.65 ,  15.20 ,  15.40 ,""  17,500.00 """
"DABUR24MAY560CE,DABUR,CE,07/May/2024 14:50,  15.40 ,  15.80 ,  15.40 ,  15.80 ,""  10,000.00 """
"DABUR24MAY560CE,DABUR,CE,07/May/2024 14:51,  15.80 ,  15.80 ,  15.05 ,  15.05 ,""  27,500.00 """
"DABUR24MAY560CE,DABUR,CE,07/May/2024 14:52,  15.05 ,  15.25 ,  15.00 ,  15.00 ,""  26,250.00 """
"DABUR24MAY560CE,DABUR,CE,07/May/2024 14:53,  15.00 ,  15.30 ,  15.00 ,  15.30 ,""  6,250.00 """
"DABUR24MAY560CE,DABUR,CE,07/May/2024 14:54,  15.30 ,  15.30 ,  15.15 ,  15.25 ,""  16,250.00 """
"DABUR24MAY560CE,DABUR,CE,07/May/2024 14:55,  15.25 ,  15.30 ,  15.05 ,  15.05 ,""  15,000.00 """
"DABUR24MAY560CE,DABUR,CE,07/May/2024 14:56,  15.05 ,  15.30 ,  15.00 ,  15.25 ,""  5,000.00 """
"DABUR24MAY560CE,DABUR,CE,07/May/2024 14:57,  15.25 ,  15.25 ,  15.25 ,  15.25 ,""  6,250.00 """
"DABUR24MAY560CE,DABUR,CE,07/May/2024 14:58,  15.25 ,  15.45 ,  15.15 ,  15.35 ,""  6,250.00 """
"DABUR24MAY560CE,DABUR,CE,07/May/2024 14:59,  15.35 ,  15.35 ,  15.20 ,  15.20 ,""  2,500.00 """
"DABUR24MAY560CE,DABUR,CE,07/May/2024 15:00,  15.20 ,  15.70 ,  15.20 ,  15.65 ,""  12,500.00 """
"DABUR24MAY560CE,DABUR,CE,07/May/2024 15:01,  15.65 ,  15.75 ,  14.80 ,  14.80 ,""  20,000.00 """
"DABUR24MAY560CE,DABUR,CE,07/May/2024 15:02,  14.80 ,  15.00 ,  14.55 ,  14.55 ,""  41,250.00 """
"DABUR24MAY560CE,DABUR,CE,07/May/2024 15:03,  14.55 ,  14.65 ,  14.40 ,  14.55 ,""  26,250.00 """
"DABUR24MAY560CE,DABUR,CE,07/May/2024 15:04,  14.55 ,  14.55 ,  14.10 ,  14.15 ,""  6,250.00 """
"DABUR24MAY560CE,DABUR,CE,07/May/2024 15:05,  14.30 ,  14.35 ,  13.90 ,  14.00 ,""  13,750.00 """
"DABUR24MAY560CE,DABUR,CE,07/May/2024 15:06,  14.00 ,  14.20 ,  13.60 ,  13.90 ,""  62,500.00 """
"DABUR24MAY560CE,DABUR,CE,07/May/2024 15:07,  13.90 ,  13.90 ,  13.65 ,  13.80 ,""  18,750.00 """
"DABUR24MAY560CE,DABUR,CE,07/May/2024 15:08,  13.80 ,  14.15 ,  13.65 ,  13.70 ,""  32,500.00 """
"DABUR24MAY560CE,DABUR,CE,07/May/2024 15:09,  13.70 ,  13.70 ,  13.55 ,  13.70 ,""  12,500.00 """
"DABUR24MAY560CE,DABUR,CE,07/May/2024 15:10,  13.70 ,  13.95 ,  13.70 ,  13.80 ,""  8,750.00 """
"DABUR24MAY560CE,DABUR,CE,07/May/2024 15:11,  13.80 ,  14.00 ,  13.75 ,  13.90 ,""  16,250.00 """
"DABUR24MAY560CE,DABUR,CE,07/May/2024 15:12,  13.90 ,  13.95 ,  13.90 ,  13.95 ,""  7,500.00 """
"DABUR24MAY560CE,DABUR,CE,07/May/2024 15:13,  13.95 ,  14.15 ,  13.95 ,  14.10 ,""  13,750.00 """
"DABUR24MAY560CE,DABUR,CE,07/May/2024 15:14,  14.10 ,  14.10 ,  13.80 ,  13.80 ,""  18,750.00 """
"DABUR24MAY560CE,DABUR,CE,07/May/2024 15:15,  13.80 ,  13.80 ,  13.75 ,  13.75 ,""  3,750.00 """
"DABUR24MAY560CE,DABUR,CE,07/May/2024 15:16,  13.75 ,  13.75 ,  13.50 ,  13.50 ,""  16,250.00 """
"DABUR24MAY560CE,DABUR,CE,07/May/2024 15:17,  13.50 ,  13.50 ,  13.20 ,  13.20 ,""  13,750.00 """
"DABUR24MAY560CE,DABUR,CE,07/May/2024 15:18,  13.05 ,  13.05 ,  12.50 ,  12.65 ,""  61,250.00 """
"DABUR24MAY560CE,DABUR,CE,07/May/2024 15:19,  12.60 ,  12.60 ,  12.50 ,  12.60 ,""  16,250.00 """
"DABUR24MAY560CE,DABUR,CE,07/May/2024 15:20,  12.60 ,  12.75 ,  12.50 ,  12.75 ,""  28,750.00 """
"DABUR24MAY560CE,DABUR,CE,07/May/2024 15:21,  12.75 ,  12.95 ,  12.75 ,  12.85 ,""  10,000.00 """
"DABUR24MAY560CE,DABUR,CE,07/May/2024 15:22,  12.85 ,  12.90 ,  12.70 ,  12.90 ,""  25,000.00 """
"DABUR24MAY560CE,DABUR,CE,07/May/2024 15:23,  12.90 ,  13.40 ,  12.90 ,  13.20 ,""  12,500.00 """
"DABUR24MAY560CE,DABUR,CE,07/May/2024 15:24,  13.20 ,  13.30 ,  13.20 ,  13.30 ,""  12,500.00 """
"DABUR24MAY560CE,DABUR,CE,07/May/2024 15:25,  13.10 ,  13.20 ,  13.00 ,  13.20 ,""  18,750.00 """
"DABUR24MAY560CE,DABUR,CE,07/May/2024 15:26,  13.15 ,  13.15 ,  12.95 ,  13.15 ,""  10,000.00 """
"DABUR24MAY560CE,DABUR,CE,07/May/2024 15:27,  13.15 ,  13.20 ,  13.00 ,  13.20 ,""  23,750.00 """
"DABUR24MAY560CE,DABUR,CE,07/May/2024 15:28,  13.20 ,  13.60 ,  13.15 ,  13.35 ,""  62,500.00 """
"DABUR24MAY560CE,DABUR,CE,07/May/2024 15:29,  13.65 ,  13.65 ,  13.40 ,  13.45 ,""  16,250.00 """
DABUR24MAY560CE,DABUR,CE,07/May/2024 15:30,  13.45 ,  13.45 ,  13.45 ,  13.45 ,  -   
DABUR24MAY560CE,DABUR,CE,07/May/2024 16:21,  13.45 ,  13.45 ,  13.45 ,  13.45 ,  -   
DABUR24MAY560CE,DABUR,CE,07/May/2024 16:34,  13.45 ,  13.45 ,  13.45 ,  13.45 ,  -   
DABUR24MAY560CE,DABUR,CE,07/May/2024 16:41,  13.45 ,  13.45 ,  13.45 ,  13.45 ,  -   